-- phpMyAdmin SQL Dump
-- version 5.0.4
-- https://www.phpmyadmin.net/
--
-- Hôte : localhost
-- Généré le : sam. 27 fév. 2021 à 08:03
-- Version du serveur :  10.3.27-MariaDB-0+deb10u1
-- Version de PHP : 8.0.1

SET SQL_MODE = "NO_AUTO_VALUE_ON_ZERO";
START TRANSACTION;
SET time_zone = "+00:00";


/*!40101 SET @OLD_CHARACTER_SET_CLIENT=@@CHARACTER_SET_CLIENT */;
/*!40101 SET @OLD_CHARACTER_SET_RESULTS=@@CHARACTER_SET_RESULTS */;
/*!40101 SET @OLD_COLLATION_CONNECTION=@@COLLATION_CONNECTION */;
/*!40101 SET NAMES utf8mb4 */;

--
-- Base de données : `poketournament`
--

-- --------------------------------------------------------

--
-- Structure de la table `doctrine_migration_versions`
--

CREATE TABLE `doctrine_migration_versions` (
  `version` varchar(191) COLLATE utf8_unicode_ci NOT NULL,
  `executed_at` datetime DEFAULT NULL,
  `execution_time` int(11) DEFAULT NULL
) ENGINE=InnoDB DEFAULT CHARSET=utf8 COLLATE=utf8_unicode_ci;

--
-- Déchargement des données de la table `doctrine_migration_versions`
--

INSERT INTO `doctrine_migration_versions` (`version`, `executed_at`, `execution_time`) VALUES
('DoctrineMigrations\\Version20201121101709', '2020-11-21 11:17:25', 33),
('DoctrineMigrations\\Version20201121101942', '2020-11-21 11:19:57', 33),
('DoctrineMigrations\\Version20201122133801', '2020-11-23 10:06:16', 125),
('DoctrineMigrations\\Version20201201135852', '2020-12-01 14:59:27', 63),
('DoctrineMigrations\\Version20201201220749', '2020-12-01 23:08:21', 237),
('DoctrineMigrations\\Version20201201221137', '2020-12-01 23:12:15', 79),
('DoctrineMigrations\\Version20201201224555', '2020-12-01 23:46:46', 52),
('DoctrineMigrations\\Version20210209142907', '2021-02-09 15:29:41', 156),
('DoctrineMigrations\\Version20210226063304', '2021-02-26 07:33:25', 22);

-- --------------------------------------------------------

--
-- Structure de la table `game`
--

CREATE TABLE `game` (
  `id` int(11) NOT NULL,
  `winner_id` int(11) DEFAULT NULL,
  `loser_id` int(11) DEFAULT NULL,
  `player1_id` int(11) DEFAULT NULL,
  `player2_id` int(11) DEFAULT NULL,
  `number` int(11) NOT NULL,
  `score_player1` int(11) DEFAULT NULL,
  `score_player2` int(11) DEFAULT NULL,
  `created_at` datetime NOT NULL,
  `updated_at` datetime DEFAULT NULL,
  `tournament_id` int(11) NOT NULL
) ENGINE=InnoDB DEFAULT CHARSET=utf8mb4 COLLATE=utf8mb4_unicode_ci;

--
-- Déchargement des données de la table `game`
--

INSERT INTO `game` (`id`, `winner_id`, `loser_id`, `player1_id`, `player2_id`, `number`, `score_player1`, `score_player2`, `created_at`, `updated_at`, `tournament_id`) VALUES
(1, NULL, NULL, NULL, NULL, 1, NULL, NULL, '2020-12-01 23:46:52', NULL, 13),
(2, NULL, NULL, NULL, NULL, 2, NULL, NULL, '2020-12-01 23:46:52', NULL, 13),
(3, NULL, NULL, NULL, NULL, 3, NULL, NULL, '2020-12-01 23:46:52', NULL, 13),
(4, NULL, NULL, NULL, NULL, 4, NULL, NULL, '2020-12-01 23:46:52', NULL, 13),
(5, NULL, NULL, NULL, NULL, 5, NULL, NULL, '2020-12-01 23:46:52', NULL, 13),
(6, NULL, NULL, NULL, NULL, 6, NULL, NULL, '2020-12-01 23:46:52', NULL, 13),
(7, NULL, NULL, NULL, NULL, 7, NULL, NULL, '2020-12-01 23:46:52', NULL, 13),
(8, NULL, NULL, NULL, NULL, 8, NULL, NULL, '2020-12-01 23:46:52', NULL, 13),
(9, NULL, NULL, 3083, 3744, 1, NULL, NULL, '2021-02-08 17:02:34', NULL, 14),
(10, NULL, NULL, 3749, 2483, 2, NULL, NULL, '2021-02-08 17:02:34', NULL, 14),
(11, NULL, NULL, 2662, 2606, 3, NULL, NULL, '2021-02-08 17:02:34', NULL, 14),
(12, NULL, NULL, 3652, 2604, 4, NULL, NULL, '2021-02-08 17:02:34', NULL, 14),
(13, NULL, NULL, NULL, NULL, 5, NULL, NULL, '2021-02-08 17:02:34', NULL, 14),
(14, NULL, NULL, NULL, NULL, 6, NULL, NULL, '2021-02-08 17:02:34', NULL, 14),
(15, NULL, NULL, NULL, NULL, 7, NULL, NULL, '2021-02-08 17:02:34', NULL, 14),
(16, NULL, NULL, NULL, NULL, 8, NULL, NULL, '2021-02-08 17:02:34', NULL, 14),
(17, NULL, NULL, 2481, 2521, 1, NULL, NULL, '2021-02-09 15:36:10', NULL, 15),
(18, NULL, NULL, 2483, 2502, 2, NULL, NULL, '2021-02-09 15:36:11', NULL, 15),
(19, NULL, NULL, 3723, 3057, 3, NULL, NULL, '2021-02-09 15:36:11', NULL, 15),
(20, NULL, NULL, 2517, 3494, 4, NULL, NULL, '2021-02-09 15:36:11', NULL, 15),
(21, NULL, NULL, NULL, NULL, 5, NULL, NULL, '2021-02-09 15:36:11', NULL, 15),
(22, NULL, NULL, NULL, NULL, 6, NULL, NULL, '2021-02-09 15:36:11', NULL, 15),
(23, NULL, NULL, NULL, NULL, 7, NULL, NULL, '2021-02-09 15:36:11', NULL, 15),
(24, NULL, NULL, NULL, NULL, 8, NULL, NULL, '2021-02-09 15:36:11', NULL, 15),
(25, NULL, NULL, 2483, 2602, 1, NULL, NULL, '2021-02-09 15:40:01', NULL, 16),
(26, NULL, NULL, 3116, 3529, 2, NULL, NULL, '2021-02-09 15:40:01', NULL, 16),
(27, NULL, NULL, 2557, 3041, 3, NULL, NULL, '2021-02-09 15:40:01', NULL, 16),
(28, NULL, NULL, 3494, 3461, 4, NULL, NULL, '2021-02-09 15:40:01', NULL, 16),
(29, NULL, NULL, NULL, NULL, 5, NULL, NULL, '2021-02-09 15:40:01', NULL, 16),
(30, NULL, NULL, NULL, NULL, 6, NULL, NULL, '2021-02-09 15:40:01', NULL, 16),
(31, NULL, NULL, NULL, NULL, 7, NULL, NULL, '2021-02-09 15:40:01', NULL, 16),
(32, NULL, NULL, NULL, NULL, 8, NULL, NULL, '2021-02-09 15:40:01', NULL, 16),
(33, NULL, NULL, 2483, 2642, 1, NULL, NULL, '2021-02-09 17:25:38', NULL, 17),
(34, NULL, NULL, 2523, 3744, 2, NULL, NULL, '2021-02-09 17:25:38', NULL, 17),
(35, NULL, NULL, 2685, 2464, 3, NULL, NULL, '2021-02-09 17:25:38', NULL, 17),
(36, NULL, NULL, 2607, 3625, 4, NULL, NULL, '2021-02-09 17:25:38', NULL, 17),
(37, NULL, NULL, NULL, NULL, 5, NULL, NULL, '2021-02-09 17:25:38', NULL, 17),
(38, NULL, NULL, NULL, NULL, 6, NULL, NULL, '2021-02-09 17:25:38', NULL, 17),
(39, NULL, NULL, NULL, NULL, 7, NULL, NULL, '2021-02-09 17:25:38', NULL, 17),
(40, NULL, NULL, NULL, NULL, 8, NULL, NULL, '2021-02-09 17:25:38', NULL, 17),
(41, NULL, NULL, 2464, 3672, 1, NULL, NULL, '2021-02-09 18:39:31', NULL, 18),
(42, NULL, NULL, 2484, 3652, 2, NULL, NULL, '2021-02-09 18:39:31', NULL, 18),
(43, NULL, NULL, 2535, 3580, 3, NULL, NULL, '2021-02-09 18:39:31', NULL, 18),
(44, NULL, NULL, 3689, 3705, 4, NULL, NULL, '2021-02-09 18:39:31', NULL, 18),
(45, NULL, NULL, NULL, NULL, 5, NULL, NULL, '2021-02-09 18:39:31', NULL, 18),
(46, NULL, NULL, NULL, NULL, 6, NULL, NULL, '2021-02-09 18:39:31', NULL, 18),
(47, NULL, NULL, NULL, NULL, 7, NULL, NULL, '2021-02-09 18:39:31', NULL, 18),
(48, NULL, NULL, NULL, NULL, 8, NULL, NULL, '2021-02-09 18:39:31', NULL, 18),
(49, 3096, 3627, 3096, 3627, 1, 2, 1, '2021-02-09 18:43:08', '2021-02-14 15:17:01', 19),
(50, 2591, 2592, 2591, 2592, 2, 3, 0, '2021-02-09 18:43:08', '2021-02-14 15:22:36', 19),
(51, NULL, NULL, 2655, 2594, 3, NULL, NULL, '2021-02-09 18:43:08', NULL, 19),
(52, NULL, NULL, 2654, 2593, 4, NULL, NULL, '2021-02-09 18:43:08', NULL, 19),
(53, NULL, NULL, 3096, 2591, 5, NULL, NULL, '2021-02-09 18:43:08', '2021-02-14 15:24:04', 19),
(54, NULL, NULL, NULL, NULL, 6, NULL, NULL, '2021-02-09 18:43:08', NULL, 19),
(55, NULL, NULL, NULL, NULL, 7, NULL, NULL, '2021-02-09 18:43:08', NULL, 19),
(56, NULL, NULL, NULL, NULL, 8, NULL, NULL, '2021-02-09 18:43:08', NULL, 19),
(57, 2592, 2593, 2592, 2593, 1, 2, 1, '2021-02-14 15:25:53', '2021-02-14 21:27:53', 20),
(58, 2654, 2594, 2594, 2654, 2, 4, 5, '2021-02-14 15:25:53', '2021-02-15 08:25:44', 20),
(59, 2655, 3095, 2655, 3095, 3, 2, 1, '2021-02-14 15:25:53', '2021-02-15 11:56:32', 20),
(60, 3096, 3627, 3096, 3627, 4, 1, 0, '2021-02-14 15:25:53', '2021-02-15 11:56:39', 20),
(61, 2592, 2654, 2592, 2654, 5, 2, 1, '2021-02-14 15:25:53', '2021-02-15 11:57:29', 20),
(62, 3096, 2655, 2655, 3096, 6, 2, 6, '2021-02-14 15:25:53', '2021-02-15 11:57:29', 20),
(63, 2655, 2654, 2654, 2655, 7, 1, 4, '2021-02-14 15:25:53', '2021-02-15 11:57:29', 20),
(64, 2592, 3096, 2592, 3096, 8, 4, 3, '2021-02-14 15:25:53', '2021-02-15 11:57:29', 20),
(65, 2592, 2483, 2483, 2592, 1, 2, 3, '2021-02-15 11:58:24', '2021-02-15 11:58:48', 21),
(66, 3438, 3770, 3438, 3770, 2, 2, 1, '2021-02-15 11:58:24', '2021-02-25 11:54:45', 21),
(67, 2685, 3011, 3011, 2685, 3, 3, 4, '2021-02-15 11:58:24', '2021-02-26 07:49:42', 21),
(68, NULL, NULL, 3098, 2601, 4, NULL, NULL, '2021-02-15 11:58:24', NULL, 21),
(69, NULL, NULL, 2592, 3438, 5, NULL, NULL, '2021-02-15 11:58:24', '2021-02-26 08:24:40', 21),
(70, NULL, NULL, NULL, NULL, 6, NULL, NULL, '2021-02-15 11:58:24', NULL, 21),
(71, NULL, NULL, NULL, NULL, 7, NULL, NULL, '2021-02-15 11:58:24', NULL, 21),
(72, NULL, NULL, NULL, NULL, 8, NULL, NULL, '2021-02-15 11:58:24', NULL, 21);

-- --------------------------------------------------------

--
-- Structure de la table `pokemon`
--

CREATE TABLE `pokemon` (
  `id` int(11) NOT NULL,
  `name` varchar(255) COLLATE utf8mb4_unicode_ci NOT NULL,
  `color` varchar(255) COLLATE utf8mb4_unicode_ci DEFAULT NULL,
  `api_id` int(11) NOT NULL,
  `image` varchar(255) COLLATE utf8mb4_unicode_ci DEFAULT NULL
) ENGINE=InnoDB DEFAULT CHARSET=utf8mb4 COLLATE=utf8mb4_unicode_ci;

--
-- Déchargement des données de la table `pokemon`
--

INSERT INTO `pokemon` (`id`, `name`, `color`, `api_id`, `image`) VALUES
(2457, 'Bulbizarre', 'Vert', 1, 'https://raw.githubusercontent.com/PokeAPI/sprites/master/sprites/pokemon/1.png'),
(2460, 'Herbizarre', 'Vert', 2, 'https://raw.githubusercontent.com/PokeAPI/sprites/master/sprites/pokemon/2.png'),
(2461, 'Florizarre', 'Vert', 3, 'https://raw.githubusercontent.com/PokeAPI/sprites/master/sprites/pokemon/3.png'),
(2462, 'Salamèche', 'Rouge', 4, 'https://raw.githubusercontent.com/PokeAPI/sprites/master/sprites/pokemon/4.png'),
(2463, 'Reptincel', 'Rouge', 5, 'https://raw.githubusercontent.com/PokeAPI/sprites/master/sprites/pokemon/5.png'),
(2464, 'Dracaufeu', 'Rouge', 6, 'https://raw.githubusercontent.com/PokeAPI/sprites/master/sprites/pokemon/6.png'),
(2465, 'Carapuce', 'Bleu', 7, 'https://raw.githubusercontent.com/PokeAPI/sprites/master/sprites/pokemon/7.png'),
(2466, 'Carabaffe', 'Bleu', 8, 'https://raw.githubusercontent.com/PokeAPI/sprites/master/sprites/pokemon/8.png'),
(2467, 'Tortank', 'Bleu', 9, 'https://raw.githubusercontent.com/PokeAPI/sprites/master/sprites/pokemon/9.png'),
(2468, 'Chenipan', 'Vert', 10, 'https://raw.githubusercontent.com/PokeAPI/sprites/master/sprites/pokemon/10.png'),
(2469, 'Chrysacier', 'Vert', 11, 'https://raw.githubusercontent.com/PokeAPI/sprites/master/sprites/pokemon/11.png'),
(2470, 'Papilusion', 'Blanc', 12, 'https://raw.githubusercontent.com/PokeAPI/sprites/master/sprites/pokemon/12.png'),
(2471, 'Aspicot', 'Brun', 13, 'https://raw.githubusercontent.com/PokeAPI/sprites/master/sprites/pokemon/13.png'),
(2472, 'Coconfort', 'Jaune', 14, 'https://raw.githubusercontent.com/PokeAPI/sprites/master/sprites/pokemon/14.png'),
(2473, 'Dardargnan', 'Jaune', 15, 'https://raw.githubusercontent.com/PokeAPI/sprites/master/sprites/pokemon/15.png'),
(2474, 'Roucool', 'Brun', 16, 'https://raw.githubusercontent.com/PokeAPI/sprites/master/sprites/pokemon/16.png'),
(2475, 'Roucoups', 'Brun', 17, 'https://raw.githubusercontent.com/PokeAPI/sprites/master/sprites/pokemon/17.png'),
(2476, 'Roucarnage', 'Brun', 18, 'https://raw.githubusercontent.com/PokeAPI/sprites/master/sprites/pokemon/18.png'),
(2477, 'Rattata', 'Violet', 19, 'https://raw.githubusercontent.com/PokeAPI/sprites/master/sprites/pokemon/19.png'),
(2478, 'Rattatac', 'Brun', 20, 'https://raw.githubusercontent.com/PokeAPI/sprites/master/sprites/pokemon/20.png'),
(2479, 'Piafabec', 'Brun', 21, 'https://raw.githubusercontent.com/PokeAPI/sprites/master/sprites/pokemon/21.png'),
(2480, 'Rapasdepic', 'Brun', 22, 'https://raw.githubusercontent.com/PokeAPI/sprites/master/sprites/pokemon/22.png'),
(2481, 'Abo', 'Violet', 23, 'https://raw.githubusercontent.com/PokeAPI/sprites/master/sprites/pokemon/23.png'),
(2482, 'Arbok', 'Violet', 24, 'https://raw.githubusercontent.com/PokeAPI/sprites/master/sprites/pokemon/24.png'),
(2483, 'Pikachu', 'Jaune', 25, 'https://raw.githubusercontent.com/PokeAPI/sprites/master/sprites/pokemon/25.png'),
(2484, 'Raichu', 'Jaune', 26, 'https://raw.githubusercontent.com/PokeAPI/sprites/master/sprites/pokemon/26.png'),
(2485, 'Sabelette', 'Jaune', 27, 'https://raw.githubusercontent.com/PokeAPI/sprites/master/sprites/pokemon/27.png'),
(2486, 'Sablaireau', 'Jaune', 28, 'https://raw.githubusercontent.com/PokeAPI/sprites/master/sprites/pokemon/28.png'),
(2487, 'Nidoran♀', 'Bleu', 29, 'https://raw.githubusercontent.com/PokeAPI/sprites/master/sprites/pokemon/29.png'),
(2488, 'Nidorina', 'Bleu', 30, 'https://raw.githubusercontent.com/PokeAPI/sprites/master/sprites/pokemon/30.png'),
(2489, 'Nidoqueen', 'Bleu', 31, 'https://raw.githubusercontent.com/PokeAPI/sprites/master/sprites/pokemon/31.png'),
(2490, 'Nidoran♂', 'Violet', 32, 'https://raw.githubusercontent.com/PokeAPI/sprites/master/sprites/pokemon/32.png'),
(2491, 'Nidorino', 'Violet', 33, 'https://raw.githubusercontent.com/PokeAPI/sprites/master/sprites/pokemon/33.png'),
(2492, 'Nidoking', 'Violet', 34, 'https://raw.githubusercontent.com/PokeAPI/sprites/master/sprites/pokemon/34.png'),
(2493, 'Mélofée', 'Rose', 35, 'https://raw.githubusercontent.com/PokeAPI/sprites/master/sprites/pokemon/35.png'),
(2494, 'Mélodelfe', 'Rose', 36, 'https://raw.githubusercontent.com/PokeAPI/sprites/master/sprites/pokemon/36.png'),
(2495, 'Goupix', 'Brun', 37, 'https://raw.githubusercontent.com/PokeAPI/sprites/master/sprites/pokemon/37.png'),
(2496, 'Feunard', 'Jaune', 38, 'https://raw.githubusercontent.com/PokeAPI/sprites/master/sprites/pokemon/38.png'),
(2497, 'Rondoudou', 'Rose', 39, 'https://raw.githubusercontent.com/PokeAPI/sprites/master/sprites/pokemon/39.png'),
(2498, 'Grodoudou', 'Rose', 40, 'https://raw.githubusercontent.com/PokeAPI/sprites/master/sprites/pokemon/40.png'),
(2499, 'Nosferapti', 'Violet', 41, 'https://raw.githubusercontent.com/PokeAPI/sprites/master/sprites/pokemon/41.png'),
(2500, 'Nosferalto', 'Violet', 42, 'https://raw.githubusercontent.com/PokeAPI/sprites/master/sprites/pokemon/42.png'),
(2501, 'Mystherbe', 'Bleu', 43, 'https://raw.githubusercontent.com/PokeAPI/sprites/master/sprites/pokemon/43.png'),
(2502, 'Ortide', 'Bleu', 44, 'https://raw.githubusercontent.com/PokeAPI/sprites/master/sprites/pokemon/44.png'),
(2503, 'Rafflesia', 'Rouge', 45, 'https://raw.githubusercontent.com/PokeAPI/sprites/master/sprites/pokemon/45.png'),
(2504, 'Paras', 'Rouge', 46, 'https://raw.githubusercontent.com/PokeAPI/sprites/master/sprites/pokemon/46.png'),
(2505, 'Parasect', 'Rouge', 47, 'https://raw.githubusercontent.com/PokeAPI/sprites/master/sprites/pokemon/47.png'),
(2506, 'Mimitoss', 'Violet', 48, 'https://raw.githubusercontent.com/PokeAPI/sprites/master/sprites/pokemon/48.png'),
(2507, 'Aéromite', 'Violet', 49, 'https://raw.githubusercontent.com/PokeAPI/sprites/master/sprites/pokemon/49.png'),
(2508, 'Taupiqueur', 'Brun', 50, 'https://raw.githubusercontent.com/PokeAPI/sprites/master/sprites/pokemon/50.png'),
(2509, 'Triopikeur', 'Brun', 51, 'https://raw.githubusercontent.com/PokeAPI/sprites/master/sprites/pokemon/51.png'),
(2510, 'Miaouss', 'Jaune', 52, 'https://raw.githubusercontent.com/PokeAPI/sprites/master/sprites/pokemon/52.png'),
(2511, 'Persian', 'Jaune', 53, 'https://raw.githubusercontent.com/PokeAPI/sprites/master/sprites/pokemon/53.png'),
(2512, 'Psykokwak', 'Jaune', 54, 'https://raw.githubusercontent.com/PokeAPI/sprites/master/sprites/pokemon/54.png'),
(2513, 'Akwakwak', 'Bleu', 55, 'https://raw.githubusercontent.com/PokeAPI/sprites/master/sprites/pokemon/55.png'),
(2514, 'Férosinge', 'Brun', 56, 'https://raw.githubusercontent.com/PokeAPI/sprites/master/sprites/pokemon/56.png'),
(2515, 'Colossinge', 'Brun', 57, 'https://raw.githubusercontent.com/PokeAPI/sprites/master/sprites/pokemon/57.png'),
(2516, 'Caninos', 'Brun', 58, 'https://raw.githubusercontent.com/PokeAPI/sprites/master/sprites/pokemon/58.png'),
(2517, 'Arcanin', 'Brun', 59, 'https://raw.githubusercontent.com/PokeAPI/sprites/master/sprites/pokemon/59.png'),
(2518, 'Ptitard', 'Bleu', 60, 'https://raw.githubusercontent.com/PokeAPI/sprites/master/sprites/pokemon/60.png'),
(2519, 'Têtarte', 'Bleu', 61, 'https://raw.githubusercontent.com/PokeAPI/sprites/master/sprites/pokemon/61.png'),
(2520, 'Tartard', 'Bleu', 62, 'https://raw.githubusercontent.com/PokeAPI/sprites/master/sprites/pokemon/62.png'),
(2521, 'Abra', 'Brun', 63, 'https://raw.githubusercontent.com/PokeAPI/sprites/master/sprites/pokemon/63.png'),
(2522, 'Kadabra', 'Brun', 64, 'https://raw.githubusercontent.com/PokeAPI/sprites/master/sprites/pokemon/64.png'),
(2523, 'Alakazam', 'Brun', 65, 'https://raw.githubusercontent.com/PokeAPI/sprites/master/sprites/pokemon/65.png'),
(2524, 'Machoc', 'Gris', 66, 'https://raw.githubusercontent.com/PokeAPI/sprites/master/sprites/pokemon/66.png'),
(2525, 'Machopeur', 'Gris', 67, 'https://raw.githubusercontent.com/PokeAPI/sprites/master/sprites/pokemon/67.png'),
(2526, 'Mackogneur', 'Gris', 68, 'https://raw.githubusercontent.com/PokeAPI/sprites/master/sprites/pokemon/68.png'),
(2527, 'Chétiflor', 'Vert', 69, 'https://raw.githubusercontent.com/PokeAPI/sprites/master/sprites/pokemon/69.png'),
(2528, 'Boustiflor', 'Vert', 70, 'https://raw.githubusercontent.com/PokeAPI/sprites/master/sprites/pokemon/70.png'),
(2529, 'Empiflor', 'Vert', 71, 'https://raw.githubusercontent.com/PokeAPI/sprites/master/sprites/pokemon/71.png'),
(2530, 'Tentacool', 'Bleu', 72, 'https://raw.githubusercontent.com/PokeAPI/sprites/master/sprites/pokemon/72.png'),
(2531, 'Tentacruel', 'Bleu', 73, 'https://raw.githubusercontent.com/PokeAPI/sprites/master/sprites/pokemon/73.png'),
(2532, 'Racaillou', 'Brun', 74, 'https://raw.githubusercontent.com/PokeAPI/sprites/master/sprites/pokemon/74.png'),
(2533, 'Gravalanch', 'Brun', 75, 'https://raw.githubusercontent.com/PokeAPI/sprites/master/sprites/pokemon/75.png'),
(2534, 'Grolem', 'Brun', 76, 'https://raw.githubusercontent.com/PokeAPI/sprites/master/sprites/pokemon/76.png'),
(2535, 'Ponyta', 'Jaune', 77, 'https://raw.githubusercontent.com/PokeAPI/sprites/master/sprites/pokemon/77.png'),
(2536, 'Galopa', 'Jaune', 78, 'https://raw.githubusercontent.com/PokeAPI/sprites/master/sprites/pokemon/78.png'),
(2537, 'Ramoloss', 'Rose', 79, 'https://raw.githubusercontent.com/PokeAPI/sprites/master/sprites/pokemon/79.png'),
(2538, 'Flagadoss', 'Rose', 80, 'https://raw.githubusercontent.com/PokeAPI/sprites/master/sprites/pokemon/80.png'),
(2539, 'Magnéti', 'Gris', 81, 'https://raw.githubusercontent.com/PokeAPI/sprites/master/sprites/pokemon/81.png'),
(2540, 'Magnéton', 'Gris', 82, 'https://raw.githubusercontent.com/PokeAPI/sprites/master/sprites/pokemon/82.png'),
(2541, 'Canarticho', 'Brun', 83, 'https://raw.githubusercontent.com/PokeAPI/sprites/master/sprites/pokemon/83.png'),
(2542, 'Doduo', 'Brun', 84, 'https://raw.githubusercontent.com/PokeAPI/sprites/master/sprites/pokemon/84.png'),
(2543, 'Dodrio', 'Brun', 85, 'https://raw.githubusercontent.com/PokeAPI/sprites/master/sprites/pokemon/85.png'),
(2544, 'Otaria', 'Blanc', 86, 'https://raw.githubusercontent.com/PokeAPI/sprites/master/sprites/pokemon/86.png'),
(2545, 'Lamantine', 'Blanc', 87, 'https://raw.githubusercontent.com/PokeAPI/sprites/master/sprites/pokemon/87.png'),
(2546, 'Tadmorv', 'Violet', 88, 'https://raw.githubusercontent.com/PokeAPI/sprites/master/sprites/pokemon/88.png'),
(2547, 'Grotadmorv', 'Violet', 89, 'https://raw.githubusercontent.com/PokeAPI/sprites/master/sprites/pokemon/89.png'),
(2548, 'Kokiyas', 'Violet', 90, 'https://raw.githubusercontent.com/PokeAPI/sprites/master/sprites/pokemon/90.png'),
(2549, 'Crustabri', 'Violet', 91, 'https://raw.githubusercontent.com/PokeAPI/sprites/master/sprites/pokemon/91.png'),
(2550, 'Fantominus', 'Violet', 92, 'https://raw.githubusercontent.com/PokeAPI/sprites/master/sprites/pokemon/92.png'),
(2551, 'Spectrum', 'Violet', 93, 'https://raw.githubusercontent.com/PokeAPI/sprites/master/sprites/pokemon/93.png'),
(2552, 'Ectoplasma', 'Violet', 94, 'https://raw.githubusercontent.com/PokeAPI/sprites/master/sprites/pokemon/94.png'),
(2553, 'Onix', 'Gris', 95, 'https://raw.githubusercontent.com/PokeAPI/sprites/master/sprites/pokemon/95.png'),
(2554, 'Soporifik', 'Jaune', 96, 'https://raw.githubusercontent.com/PokeAPI/sprites/master/sprites/pokemon/96.png'),
(2555, 'Hypnomade', 'Jaune', 97, 'https://raw.githubusercontent.com/PokeAPI/sprites/master/sprites/pokemon/97.png'),
(2556, 'Krabby', 'Rouge', 98, 'https://raw.githubusercontent.com/PokeAPI/sprites/master/sprites/pokemon/98.png'),
(2557, 'Krabboss', 'Rouge', 99, 'https://raw.githubusercontent.com/PokeAPI/sprites/master/sprites/pokemon/99.png'),
(2558, 'Voltorbe', 'Rouge', 100, 'https://raw.githubusercontent.com/PokeAPI/sprites/master/sprites/pokemon/100.png'),
(2559, 'Électrode', 'Rouge', 101, 'https://raw.githubusercontent.com/PokeAPI/sprites/master/sprites/pokemon/101.png'),
(2560, 'Noeunoeuf', 'Rose', 102, 'https://raw.githubusercontent.com/PokeAPI/sprites/master/sprites/pokemon/102.png'),
(2561, 'Noadkoko', 'Jaune', 103, 'https://raw.githubusercontent.com/PokeAPI/sprites/master/sprites/pokemon/103.png'),
(2562, 'Osselait', 'Brun', 104, 'https://raw.githubusercontent.com/PokeAPI/sprites/master/sprites/pokemon/104.png'),
(2563, 'Ossatueur', 'Brun', 105, 'https://raw.githubusercontent.com/PokeAPI/sprites/master/sprites/pokemon/105.png'),
(2564, 'Kicklee', 'Brun', 106, 'https://raw.githubusercontent.com/PokeAPI/sprites/master/sprites/pokemon/106.png'),
(2565, 'Tygnon', 'Brun', 107, 'https://raw.githubusercontent.com/PokeAPI/sprites/master/sprites/pokemon/107.png'),
(2566, 'Excelangue', 'Rose', 108, 'https://raw.githubusercontent.com/PokeAPI/sprites/master/sprites/pokemon/108.png'),
(2567, 'Smogo', 'Violet', 109, 'https://raw.githubusercontent.com/PokeAPI/sprites/master/sprites/pokemon/109.png'),
(2568, 'Smogogo', 'Violet', 110, 'https://raw.githubusercontent.com/PokeAPI/sprites/master/sprites/pokemon/110.png'),
(2569, 'Rhinocorne', 'Gris', 111, 'https://raw.githubusercontent.com/PokeAPI/sprites/master/sprites/pokemon/111.png'),
(2570, 'Rhinoféros', 'Gris', 112, 'https://raw.githubusercontent.com/PokeAPI/sprites/master/sprites/pokemon/112.png'),
(2571, 'Leveinard', 'Rose', 113, 'https://raw.githubusercontent.com/PokeAPI/sprites/master/sprites/pokemon/113.png'),
(2572, 'Saquedeneu', 'Bleu', 114, 'https://raw.githubusercontent.com/PokeAPI/sprites/master/sprites/pokemon/114.png'),
(2573, 'Kangourex', 'Brun', 115, 'https://raw.githubusercontent.com/PokeAPI/sprites/master/sprites/pokemon/115.png'),
(2574, 'Hypotrempe', 'Bleu', 116, 'https://raw.githubusercontent.com/PokeAPI/sprites/master/sprites/pokemon/116.png'),
(2575, 'Hypocéan', 'Bleu', 117, 'https://raw.githubusercontent.com/PokeAPI/sprites/master/sprites/pokemon/117.png'),
(2576, 'Poissirène', 'Rouge', 118, 'https://raw.githubusercontent.com/PokeAPI/sprites/master/sprites/pokemon/118.png'),
(2577, 'Poissoroy', 'Rouge', 119, 'https://raw.githubusercontent.com/PokeAPI/sprites/master/sprites/pokemon/119.png'),
(2578, 'Stari', 'Brun', 120, 'https://raw.githubusercontent.com/PokeAPI/sprites/master/sprites/pokemon/120.png'),
(2579, 'Staross', 'Violet', 121, 'https://raw.githubusercontent.com/PokeAPI/sprites/master/sprites/pokemon/121.png'),
(2580, 'M. Mime', 'Rose', 122, 'https://raw.githubusercontent.com/PokeAPI/sprites/master/sprites/pokemon/122.png'),
(2581, 'Insécateur', 'Vert', 123, 'https://raw.githubusercontent.com/PokeAPI/sprites/master/sprites/pokemon/123.png'),
(2582, 'Lippoutou', 'Rouge', 124, 'https://raw.githubusercontent.com/PokeAPI/sprites/master/sprites/pokemon/124.png'),
(2583, 'Élektek', 'Jaune', 125, 'https://raw.githubusercontent.com/PokeAPI/sprites/master/sprites/pokemon/125.png'),
(2584, 'Magmar', 'Rouge', 126, 'https://raw.githubusercontent.com/PokeAPI/sprites/master/sprites/pokemon/126.png'),
(2585, 'Scarabrute', 'Brun', 127, 'https://raw.githubusercontent.com/PokeAPI/sprites/master/sprites/pokemon/127.png'),
(2586, 'Tauros', 'Brun', 128, 'https://raw.githubusercontent.com/PokeAPI/sprites/master/sprites/pokemon/128.png'),
(2587, 'Magicarpe', 'Rouge', 129, 'https://raw.githubusercontent.com/PokeAPI/sprites/master/sprites/pokemon/129.png'),
(2588, 'Léviator', 'Bleu', 130, 'https://raw.githubusercontent.com/PokeAPI/sprites/master/sprites/pokemon/130.png'),
(2589, 'Lokhlass', 'Bleu', 131, 'https://raw.githubusercontent.com/PokeAPI/sprites/master/sprites/pokemon/131.png'),
(2590, 'Métamorph', 'Violet', 132, 'https://raw.githubusercontent.com/PokeAPI/sprites/master/sprites/pokemon/132.png'),
(2591, 'Évoli', 'Brun', 133, 'https://raw.githubusercontent.com/PokeAPI/sprites/master/sprites/pokemon/133.png'),
(2592, 'Aquali', 'Bleu', 134, 'https://raw.githubusercontent.com/PokeAPI/sprites/master/sprites/pokemon/134.png'),
(2593, 'Voltali', 'Jaune', 135, 'https://raw.githubusercontent.com/PokeAPI/sprites/master/sprites/pokemon/135.png'),
(2594, 'Pyroli', 'Rouge', 136, 'https://raw.githubusercontent.com/PokeAPI/sprites/master/sprites/pokemon/136.png'),
(2595, 'Porygon', 'Rose', 137, 'https://raw.githubusercontent.com/PokeAPI/sprites/master/sprites/pokemon/137.png'),
(2596, 'Amonita', 'Bleu', 138, 'https://raw.githubusercontent.com/PokeAPI/sprites/master/sprites/pokemon/138.png'),
(2597, 'Amonistar', 'Bleu', 139, 'https://raw.githubusercontent.com/PokeAPI/sprites/master/sprites/pokemon/139.png'),
(2598, 'Kabuto', 'Brun', 140, 'https://raw.githubusercontent.com/PokeAPI/sprites/master/sprites/pokemon/140.png'),
(2599, 'Kabutops', 'Brun', 141, 'https://raw.githubusercontent.com/PokeAPI/sprites/master/sprites/pokemon/141.png'),
(2600, 'Ptéra', 'Violet', 142, 'https://raw.githubusercontent.com/PokeAPI/sprites/master/sprites/pokemon/142.png'),
(2601, 'Ronflex', 'Noir', 143, 'https://raw.githubusercontent.com/PokeAPI/sprites/master/sprites/pokemon/143.png'),
(2602, 'Artikodin', 'Bleu', 144, 'https://raw.githubusercontent.com/PokeAPI/sprites/master/sprites/pokemon/144.png'),
(2603, 'Électhor', 'Jaune', 145, 'https://raw.githubusercontent.com/PokeAPI/sprites/master/sprites/pokemon/145.png'),
(2604, 'Sulfura', 'Jaune', 146, 'https://raw.githubusercontent.com/PokeAPI/sprites/master/sprites/pokemon/146.png'),
(2605, 'Minidraco', 'Bleu', 147, 'https://raw.githubusercontent.com/PokeAPI/sprites/master/sprites/pokemon/147.png'),
(2606, 'Draco', 'Bleu', 148, 'https://raw.githubusercontent.com/PokeAPI/sprites/master/sprites/pokemon/148.png'),
(2607, 'Dracolosse', 'Brun', 149, 'https://raw.githubusercontent.com/PokeAPI/sprites/master/sprites/pokemon/149.png'),
(2608, 'Mewtwo', 'Violet', 150, 'https://raw.githubusercontent.com/PokeAPI/sprites/master/sprites/pokemon/150.png'),
(2609, 'Mew', 'Rose', 151, 'https://raw.githubusercontent.com/PokeAPI/sprites/master/sprites/pokemon/151.png'),
(2610, 'Germignon', 'Vert', 152, 'https://raw.githubusercontent.com/PokeAPI/sprites/master/sprites/pokemon/152.png'),
(2611, 'Macronium', 'Vert', 153, 'https://raw.githubusercontent.com/PokeAPI/sprites/master/sprites/pokemon/153.png'),
(2612, 'Méganium', 'Vert', 154, 'https://raw.githubusercontent.com/PokeAPI/sprites/master/sprites/pokemon/154.png'),
(2613, 'Héricendre', 'Jaune', 155, 'https://raw.githubusercontent.com/PokeAPI/sprites/master/sprites/pokemon/155.png'),
(2614, 'Feurisson', 'Jaune', 156, 'https://raw.githubusercontent.com/PokeAPI/sprites/master/sprites/pokemon/156.png'),
(2615, 'Typhlosion', 'Jaune', 157, 'https://raw.githubusercontent.com/PokeAPI/sprites/master/sprites/pokemon/157.png'),
(2616, 'Kaiminus', 'Bleu', 158, 'https://raw.githubusercontent.com/PokeAPI/sprites/master/sprites/pokemon/158.png'),
(2617, 'Crocrodil', 'Bleu', 159, 'https://raw.githubusercontent.com/PokeAPI/sprites/master/sprites/pokemon/159.png'),
(2618, 'Aligatueur', 'Bleu', 160, 'https://raw.githubusercontent.com/PokeAPI/sprites/master/sprites/pokemon/160.png'),
(2619, 'Fouinette', 'Brun', 161, 'https://raw.githubusercontent.com/PokeAPI/sprites/master/sprites/pokemon/161.png'),
(2620, 'Fouinar', 'Brun', 162, 'https://raw.githubusercontent.com/PokeAPI/sprites/master/sprites/pokemon/162.png'),
(2621, 'Hoothoot', 'Brun', 163, 'https://raw.githubusercontent.com/PokeAPI/sprites/master/sprites/pokemon/163.png'),
(2622, 'Noarfang', 'Brun', 164, 'https://raw.githubusercontent.com/PokeAPI/sprites/master/sprites/pokemon/164.png'),
(2623, 'Coxy', 'Rouge', 165, 'https://raw.githubusercontent.com/PokeAPI/sprites/master/sprites/pokemon/165.png'),
(2624, 'Coxyclaque', 'Rouge', 166, 'https://raw.githubusercontent.com/PokeAPI/sprites/master/sprites/pokemon/166.png'),
(2625, 'Mimigal', 'Vert', 167, 'https://raw.githubusercontent.com/PokeAPI/sprites/master/sprites/pokemon/167.png'),
(2626, 'Migalos', 'Rouge', 168, 'https://raw.githubusercontent.com/PokeAPI/sprites/master/sprites/pokemon/168.png'),
(2627, 'Nostenfer', 'Violet', 169, 'https://raw.githubusercontent.com/PokeAPI/sprites/master/sprites/pokemon/169.png'),
(2628, 'Loupio', 'Bleu', 170, 'https://raw.githubusercontent.com/PokeAPI/sprites/master/sprites/pokemon/170.png'),
(2629, 'Lanturn', 'Bleu', 171, 'https://raw.githubusercontent.com/PokeAPI/sprites/master/sprites/pokemon/171.png'),
(2630, 'Pichu', 'Jaune', 172, 'https://raw.githubusercontent.com/PokeAPI/sprites/master/sprites/pokemon/172.png'),
(2631, 'Mélo', 'Rose', 173, 'https://raw.githubusercontent.com/PokeAPI/sprites/master/sprites/pokemon/173.png'),
(2632, 'Toudoudou', 'Rose', 174, 'https://raw.githubusercontent.com/PokeAPI/sprites/master/sprites/pokemon/174.png'),
(2633, 'Togepi', 'Blanc', 175, 'https://raw.githubusercontent.com/PokeAPI/sprites/master/sprites/pokemon/175.png'),
(2634, 'Togetic', 'Blanc', 176, 'https://raw.githubusercontent.com/PokeAPI/sprites/master/sprites/pokemon/176.png'),
(2635, 'Natu', 'Vert', 177, 'https://raw.githubusercontent.com/PokeAPI/sprites/master/sprites/pokemon/177.png'),
(2636, 'Xatu', 'Vert', 178, 'https://raw.githubusercontent.com/PokeAPI/sprites/master/sprites/pokemon/178.png'),
(2637, 'Wattouat', 'Blanc', 179, 'https://raw.githubusercontent.com/PokeAPI/sprites/master/sprites/pokemon/179.png'),
(2638, 'Lainergie', 'Rose', 180, 'https://raw.githubusercontent.com/PokeAPI/sprites/master/sprites/pokemon/180.png'),
(2639, 'Pharamp', 'Jaune', 181, 'https://raw.githubusercontent.com/PokeAPI/sprites/master/sprites/pokemon/181.png'),
(2640, 'Joliflor', 'Vert', 182, 'https://raw.githubusercontent.com/PokeAPI/sprites/master/sprites/pokemon/182.png'),
(2641, 'Marill', 'Bleu', 183, 'https://raw.githubusercontent.com/PokeAPI/sprites/master/sprites/pokemon/183.png'),
(2642, 'Azumarill', 'Bleu', 184, 'https://raw.githubusercontent.com/PokeAPI/sprites/master/sprites/pokemon/184.png'),
(2643, 'Simularbre', 'Brun', 185, 'https://raw.githubusercontent.com/PokeAPI/sprites/master/sprites/pokemon/185.png'),
(2644, 'Tarpaud', 'Vert', 186, 'https://raw.githubusercontent.com/PokeAPI/sprites/master/sprites/pokemon/186.png'),
(2645, 'Granivol', 'Rose', 187, 'https://raw.githubusercontent.com/PokeAPI/sprites/master/sprites/pokemon/187.png'),
(2646, 'Floravol', 'Vert', 188, 'https://raw.githubusercontent.com/PokeAPI/sprites/master/sprites/pokemon/188.png'),
(2647, 'Cotovol', 'Bleu', 189, 'https://raw.githubusercontent.com/PokeAPI/sprites/master/sprites/pokemon/189.png'),
(2648, 'Capumain', 'Violet', 190, 'https://raw.githubusercontent.com/PokeAPI/sprites/master/sprites/pokemon/190.png'),
(2649, 'Tournegrin', 'Jaune', 191, 'https://raw.githubusercontent.com/PokeAPI/sprites/master/sprites/pokemon/191.png'),
(2650, 'Héliatronc', 'Jaune', 192, 'https://raw.githubusercontent.com/PokeAPI/sprites/master/sprites/pokemon/192.png'),
(2651, 'Yanma', 'Rouge', 193, 'https://raw.githubusercontent.com/PokeAPI/sprites/master/sprites/pokemon/193.png'),
(2652, 'Axoloto', 'Bleu', 194, 'https://raw.githubusercontent.com/PokeAPI/sprites/master/sprites/pokemon/194.png'),
(2653, 'Maraiste', 'Bleu', 195, 'https://raw.githubusercontent.com/PokeAPI/sprites/master/sprites/pokemon/195.png'),
(2654, 'Mentali', 'Violet', 196, 'https://raw.githubusercontent.com/PokeAPI/sprites/master/sprites/pokemon/196.png'),
(2655, 'Noctali', 'Noir', 197, 'https://raw.githubusercontent.com/PokeAPI/sprites/master/sprites/pokemon/197.png'),
(2656, 'Cornèbre', 'Noir', 198, 'https://raw.githubusercontent.com/PokeAPI/sprites/master/sprites/pokemon/198.png'),
(2657, 'Roigada', 'Rose', 199, 'https://raw.githubusercontent.com/PokeAPI/sprites/master/sprites/pokemon/199.png'),
(2658, 'Feuforêve', 'Gris', 200, 'https://raw.githubusercontent.com/PokeAPI/sprites/master/sprites/pokemon/200.png'),
(2659, 'Zarbi', 'Noir', 201, 'https://raw.githubusercontent.com/PokeAPI/sprites/master/sprites/pokemon/201.png'),
(2660, 'Qulbutoké', 'Bleu', 202, 'https://raw.githubusercontent.com/PokeAPI/sprites/master/sprites/pokemon/202.png'),
(2661, 'Girafarig', 'Jaune', 203, 'https://raw.githubusercontent.com/PokeAPI/sprites/master/sprites/pokemon/203.png'),
(2662, 'Pomdepik', 'Gris', 204, 'https://raw.githubusercontent.com/PokeAPI/sprites/master/sprites/pokemon/204.png'),
(2663, 'Foretress', 'Violet', 205, 'https://raw.githubusercontent.com/PokeAPI/sprites/master/sprites/pokemon/205.png'),
(2664, 'Insolourdo', 'Jaune', 206, 'https://raw.githubusercontent.com/PokeAPI/sprites/master/sprites/pokemon/206.png'),
(2665, 'Scorplane', 'Violet', 207, 'https://raw.githubusercontent.com/PokeAPI/sprites/master/sprites/pokemon/207.png'),
(2666, 'Steelix', 'Gris', 208, 'https://raw.githubusercontent.com/PokeAPI/sprites/master/sprites/pokemon/208.png'),
(2667, 'Snubbull', 'Rose', 209, 'https://raw.githubusercontent.com/PokeAPI/sprites/master/sprites/pokemon/209.png'),
(2668, 'Granbull', 'Violet', 210, 'https://raw.githubusercontent.com/PokeAPI/sprites/master/sprites/pokemon/210.png'),
(2669, 'Qwilfish', 'Gris', 211, 'https://raw.githubusercontent.com/PokeAPI/sprites/master/sprites/pokemon/211.png'),
(2670, 'Cizayox', 'Rouge', 212, 'https://raw.githubusercontent.com/PokeAPI/sprites/master/sprites/pokemon/212.png'),
(2671, 'Caratroc', 'Jaune', 213, 'https://raw.githubusercontent.com/PokeAPI/sprites/master/sprites/pokemon/213.png'),
(2672, 'Scarhino', 'Bleu', 214, 'https://raw.githubusercontent.com/PokeAPI/sprites/master/sprites/pokemon/214.png'),
(2673, 'Farfuret', 'Noir', 215, 'https://raw.githubusercontent.com/PokeAPI/sprites/master/sprites/pokemon/215.png'),
(2674, 'Teddiursa', 'Brun', 216, 'https://raw.githubusercontent.com/PokeAPI/sprites/master/sprites/pokemon/216.png'),
(2675, 'Ursaring', 'Brun', 217, 'https://raw.githubusercontent.com/PokeAPI/sprites/master/sprites/pokemon/217.png'),
(2676, 'Limagma', 'Rouge', 218, 'https://raw.githubusercontent.com/PokeAPI/sprites/master/sprites/pokemon/218.png'),
(2677, 'Volcaropod', 'Rouge', 219, 'https://raw.githubusercontent.com/PokeAPI/sprites/master/sprites/pokemon/219.png'),
(2678, 'Marcacrin', 'Brun', 220, 'https://raw.githubusercontent.com/PokeAPI/sprites/master/sprites/pokemon/220.png'),
(2679, 'Cochignon', 'Brun', 221, 'https://raw.githubusercontent.com/PokeAPI/sprites/master/sprites/pokemon/221.png'),
(2680, 'Corayon', 'Rose', 222, 'https://raw.githubusercontent.com/PokeAPI/sprites/master/sprites/pokemon/222.png'),
(2681, 'Rémoraid', 'Gris', 223, 'https://raw.githubusercontent.com/PokeAPI/sprites/master/sprites/pokemon/223.png'),
(2682, 'Octillery', 'Rouge', 224, 'https://raw.githubusercontent.com/PokeAPI/sprites/master/sprites/pokemon/224.png'),
(2683, 'Cadoizo', 'Rouge', 225, 'https://raw.githubusercontent.com/PokeAPI/sprites/master/sprites/pokemon/225.png'),
(2684, 'Démanta', 'Violet', 226, 'https://raw.githubusercontent.com/PokeAPI/sprites/master/sprites/pokemon/226.png'),
(2685, 'Airmure', 'Gris', 227, 'https://raw.githubusercontent.com/PokeAPI/sprites/master/sprites/pokemon/227.png'),
(2686, 'Malosse', 'Noir', 228, 'https://raw.githubusercontent.com/PokeAPI/sprites/master/sprites/pokemon/228.png'),
(2687, 'Démolosse', 'Noir', 229, 'https://raw.githubusercontent.com/PokeAPI/sprites/master/sprites/pokemon/229.png'),
(2688, 'Hyporoi', 'Bleu', 230, 'https://raw.githubusercontent.com/PokeAPI/sprites/master/sprites/pokemon/230.png'),
(2689, 'Phanpy', 'Bleu', 231, 'https://raw.githubusercontent.com/PokeAPI/sprites/master/sprites/pokemon/231.png'),
(2690, 'Donphan', 'Gris', 232, 'https://raw.githubusercontent.com/PokeAPI/sprites/master/sprites/pokemon/232.png'),
(2691, 'Porygon2', 'Rouge', 233, 'https://raw.githubusercontent.com/PokeAPI/sprites/master/sprites/pokemon/233.png'),
(2692, 'Cerfrousse', 'Brun', 234, 'https://raw.githubusercontent.com/PokeAPI/sprites/master/sprites/pokemon/234.png'),
(2693, 'Queulorior', 'Blanc', 235, 'https://raw.githubusercontent.com/PokeAPI/sprites/master/sprites/pokemon/235.png'),
(2694, 'Debugant', 'Violet', 236, 'https://raw.githubusercontent.com/PokeAPI/sprites/master/sprites/pokemon/236.png'),
(2695, 'Kapoera', 'Brun', 237, 'https://raw.githubusercontent.com/PokeAPI/sprites/master/sprites/pokemon/237.png'),
(2696, 'Lippouti', 'Rose', 238, 'https://raw.githubusercontent.com/PokeAPI/sprites/master/sprites/pokemon/238.png'),
(2697, 'Élekid', 'Jaune', 239, 'https://raw.githubusercontent.com/PokeAPI/sprites/master/sprites/pokemon/239.png'),
(2698, 'Magby', 'Rouge', 240, 'https://raw.githubusercontent.com/PokeAPI/sprites/master/sprites/pokemon/240.png'),
(2699, 'Écrémeuh', 'Rose', 241, 'https://raw.githubusercontent.com/PokeAPI/sprites/master/sprites/pokemon/241.png'),
(2700, 'Leuphorie', 'Rose', 242, 'https://raw.githubusercontent.com/PokeAPI/sprites/master/sprites/pokemon/242.png'),
(2701, 'Raikou', 'Jaune', 243, 'https://raw.githubusercontent.com/PokeAPI/sprites/master/sprites/pokemon/243.png'),
(2702, 'Entei', 'Brun', 244, 'https://raw.githubusercontent.com/PokeAPI/sprites/master/sprites/pokemon/244.png'),
(2703, 'Suicune', 'Bleu', 245, 'https://raw.githubusercontent.com/PokeAPI/sprites/master/sprites/pokemon/245.png'),
(2704, 'Embrylex', 'Vert', 246, 'https://raw.githubusercontent.com/PokeAPI/sprites/master/sprites/pokemon/246.png'),
(2705, 'Ymphect', 'Gris', 247, 'https://raw.githubusercontent.com/PokeAPI/sprites/master/sprites/pokemon/247.png'),
(2706, 'Tyranocif', 'Vert', 248, 'https://raw.githubusercontent.com/PokeAPI/sprites/master/sprites/pokemon/248.png'),
(2707, 'Lugia', 'Blanc', 249, 'https://raw.githubusercontent.com/PokeAPI/sprites/master/sprites/pokemon/249.png'),
(2708, 'Ho-Oh', 'Rouge', 250, 'https://raw.githubusercontent.com/PokeAPI/sprites/master/sprites/pokemon/250.png'),
(2709, 'Celebi', 'Vert', 251, 'https://raw.githubusercontent.com/PokeAPI/sprites/master/sprites/pokemon/251.png'),
(2710, 'Arcko', 'Vert', 252, 'https://raw.githubusercontent.com/PokeAPI/sprites/master/sprites/pokemon/252.png'),
(2711, 'Massko', 'Vert', 253, 'https://raw.githubusercontent.com/PokeAPI/sprites/master/sprites/pokemon/253.png'),
(2712, 'Jungko', 'Vert', 254, 'https://raw.githubusercontent.com/PokeAPI/sprites/master/sprites/pokemon/254.png'),
(2713, 'Poussifeu', 'Rouge', 255, 'https://raw.githubusercontent.com/PokeAPI/sprites/master/sprites/pokemon/255.png'),
(2714, 'Galifeu', 'Rouge', 256, 'https://raw.githubusercontent.com/PokeAPI/sprites/master/sprites/pokemon/256.png'),
(2715, 'Braségali', 'Rouge', 257, 'https://raw.githubusercontent.com/PokeAPI/sprites/master/sprites/pokemon/257.png'),
(2716, 'Gobou', 'Bleu', 258, 'https://raw.githubusercontent.com/PokeAPI/sprites/master/sprites/pokemon/258.png'),
(2717, 'Flobio', 'Bleu', 259, 'https://raw.githubusercontent.com/PokeAPI/sprites/master/sprites/pokemon/259.png'),
(2718, 'Laggron', 'Bleu', 260, 'https://raw.githubusercontent.com/PokeAPI/sprites/master/sprites/pokemon/260.png'),
(2719, 'Medhyèna', 'Gris', 261, 'https://raw.githubusercontent.com/PokeAPI/sprites/master/sprites/pokemon/261.png'),
(2720, 'Grahyèna', 'Gris', 262, 'https://raw.githubusercontent.com/PokeAPI/sprites/master/sprites/pokemon/262.png'),
(2721, 'Zigzaton', 'Brun', 263, 'https://raw.githubusercontent.com/PokeAPI/sprites/master/sprites/pokemon/263.png'),
(2722, 'Linéon', 'Blanc', 264, 'https://raw.githubusercontent.com/PokeAPI/sprites/master/sprites/pokemon/264.png'),
(2723, 'Chenipotte', 'Rouge', 265, 'https://raw.githubusercontent.com/PokeAPI/sprites/master/sprites/pokemon/265.png'),
(2724, 'Armulys', 'Blanc', 266, 'https://raw.githubusercontent.com/PokeAPI/sprites/master/sprites/pokemon/266.png'),
(2725, 'Charmillon', 'Jaune', 267, 'https://raw.githubusercontent.com/PokeAPI/sprites/master/sprites/pokemon/267.png'),
(2726, 'Blindalys', 'Violet', 268, 'https://raw.githubusercontent.com/PokeAPI/sprites/master/sprites/pokemon/268.png'),
(2727, 'Papinox', 'Vert', 269, 'https://raw.githubusercontent.com/PokeAPI/sprites/master/sprites/pokemon/269.png'),
(2728, 'Nénupiot', 'Vert', 270, 'https://raw.githubusercontent.com/PokeAPI/sprites/master/sprites/pokemon/270.png'),
(2729, 'Lombre', 'Vert', 271, 'https://raw.githubusercontent.com/PokeAPI/sprites/master/sprites/pokemon/271.png'),
(2730, 'Ludicolo', 'Vert', 272, 'https://raw.githubusercontent.com/PokeAPI/sprites/master/sprites/pokemon/272.png'),
(2731, 'Grainipiot', 'Brun', 273, 'https://raw.githubusercontent.com/PokeAPI/sprites/master/sprites/pokemon/273.png'),
(2732, 'Pifeuil', 'Brun', 274, 'https://raw.githubusercontent.com/PokeAPI/sprites/master/sprites/pokemon/274.png'),
(2733, 'Tengalice', 'Brun', 275, 'https://raw.githubusercontent.com/PokeAPI/sprites/master/sprites/pokemon/275.png'),
(2734, 'Nirondelle', 'Bleu', 276, 'https://raw.githubusercontent.com/PokeAPI/sprites/master/sprites/pokemon/276.png'),
(2735, 'Hélédelle', 'Bleu', 277, 'https://raw.githubusercontent.com/PokeAPI/sprites/master/sprites/pokemon/277.png'),
(2736, 'Goélise', 'Blanc', 278, 'https://raw.githubusercontent.com/PokeAPI/sprites/master/sprites/pokemon/278.png'),
(2737, 'Bekipan', 'Jaune', 279, 'https://raw.githubusercontent.com/PokeAPI/sprites/master/sprites/pokemon/279.png'),
(2738, 'Tarsal', 'Blanc', 280, 'https://raw.githubusercontent.com/PokeAPI/sprites/master/sprites/pokemon/280.png'),
(2739, 'Kirlia', 'Blanc', 281, 'https://raw.githubusercontent.com/PokeAPI/sprites/master/sprites/pokemon/281.png'),
(2740, 'Gardevoir', 'Blanc', 282, 'https://raw.githubusercontent.com/PokeAPI/sprites/master/sprites/pokemon/282.png'),
(2741, 'Arakdo', 'Bleu', 283, 'https://raw.githubusercontent.com/PokeAPI/sprites/master/sprites/pokemon/283.png'),
(2742, 'Maskadra', 'Bleu', 284, 'https://raw.githubusercontent.com/PokeAPI/sprites/master/sprites/pokemon/284.png'),
(2743, 'Balignon', 'Brun', 285, 'https://raw.githubusercontent.com/PokeAPI/sprites/master/sprites/pokemon/285.png'),
(2744, 'Chapignon', 'Vert', 286, 'https://raw.githubusercontent.com/PokeAPI/sprites/master/sprites/pokemon/286.png'),
(2745, 'Parecool', 'Brun', 287, 'https://raw.githubusercontent.com/PokeAPI/sprites/master/sprites/pokemon/287.png'),
(2746, 'Vigoroth', 'Blanc', 288, 'https://raw.githubusercontent.com/PokeAPI/sprites/master/sprites/pokemon/288.png'),
(2747, 'Monaflèmit', 'Brun', 289, 'https://raw.githubusercontent.com/PokeAPI/sprites/master/sprites/pokemon/289.png'),
(2748, 'Ningale', 'Gris', 290, 'https://raw.githubusercontent.com/PokeAPI/sprites/master/sprites/pokemon/290.png'),
(2749, 'Ninjask', 'Jaune', 291, 'https://raw.githubusercontent.com/PokeAPI/sprites/master/sprites/pokemon/291.png'),
(2750, 'Munja', 'Brun', 292, 'https://raw.githubusercontent.com/PokeAPI/sprites/master/sprites/pokemon/292.png'),
(2751, 'Chuchmur', 'Rose', 293, 'https://raw.githubusercontent.com/PokeAPI/sprites/master/sprites/pokemon/293.png'),
(2752, 'Ramboum', 'Bleu', 294, 'https://raw.githubusercontent.com/PokeAPI/sprites/master/sprites/pokemon/294.png'),
(2753, 'Brouhabam', 'Bleu', 295, 'https://raw.githubusercontent.com/PokeAPI/sprites/master/sprites/pokemon/295.png'),
(2754, 'Makuhita', 'Jaune', 296, 'https://raw.githubusercontent.com/PokeAPI/sprites/master/sprites/pokemon/296.png'),
(2755, 'Hariyama', 'Brun', 297, 'https://raw.githubusercontent.com/PokeAPI/sprites/master/sprites/pokemon/297.png'),
(2756, 'Azurill', 'Bleu', 298, 'https://raw.githubusercontent.com/PokeAPI/sprites/master/sprites/pokemon/298.png'),
(2757, 'Tarinor', 'Gris', 299, 'https://raw.githubusercontent.com/PokeAPI/sprites/master/sprites/pokemon/299.png'),
(2758, 'Skitty', 'Rose', 300, 'https://raw.githubusercontent.com/PokeAPI/sprites/master/sprites/pokemon/300.png'),
(2928, 'Ténéfix', 'Violet', 302, 'https://raw.githubusercontent.com/PokeAPI/sprites/master/sprites/pokemon/302.png'),
(2929, 'Mysdibule', 'Noir', 303, 'https://raw.githubusercontent.com/PokeAPI/sprites/master/sprites/pokemon/303.png'),
(2930, 'Galekid', 'Gris', 304, 'https://raw.githubusercontent.com/PokeAPI/sprites/master/sprites/pokemon/304.png'),
(2931, 'Galegon', 'Gris', 305, 'https://raw.githubusercontent.com/PokeAPI/sprites/master/sprites/pokemon/305.png'),
(2932, 'Galeking', 'Gris', 306, 'https://raw.githubusercontent.com/PokeAPI/sprites/master/sprites/pokemon/306.png'),
(2933, 'Méditikka', 'Bleu', 307, 'https://raw.githubusercontent.com/PokeAPI/sprites/master/sprites/pokemon/307.png'),
(2934, 'Charmina', 'Rouge', 308, 'https://raw.githubusercontent.com/PokeAPI/sprites/master/sprites/pokemon/308.png'),
(2935, 'Dynavolt', 'Vert', 309, 'https://raw.githubusercontent.com/PokeAPI/sprites/master/sprites/pokemon/309.png'),
(2936, 'Élecsprint', 'Jaune', 310, 'https://raw.githubusercontent.com/PokeAPI/sprites/master/sprites/pokemon/310.png'),
(2937, 'Posipi', 'Jaune', 311, 'https://raw.githubusercontent.com/PokeAPI/sprites/master/sprites/pokemon/311.png'),
(2938, 'Négapi', 'Jaune', 312, 'https://raw.githubusercontent.com/PokeAPI/sprites/master/sprites/pokemon/312.png'),
(2939, 'Muciole', 'Gris', 313, 'https://raw.githubusercontent.com/PokeAPI/sprites/master/sprites/pokemon/313.png'),
(2940, 'Lumivole', 'Violet', 314, 'https://raw.githubusercontent.com/PokeAPI/sprites/master/sprites/pokemon/314.png'),
(2941, 'Rosélia', 'Vert', 315, 'https://raw.githubusercontent.com/PokeAPI/sprites/master/sprites/pokemon/315.png'),
(2942, 'Gloupti', 'Vert', 316, 'https://raw.githubusercontent.com/PokeAPI/sprites/master/sprites/pokemon/316.png'),
(2943, 'Avaltout', 'Violet', 317, 'https://raw.githubusercontent.com/PokeAPI/sprites/master/sprites/pokemon/317.png'),
(2944, 'Carvanha', 'Rouge', 318, 'https://raw.githubusercontent.com/PokeAPI/sprites/master/sprites/pokemon/318.png'),
(2945, 'Sharpedo', 'Bleu', 319, 'https://raw.githubusercontent.com/PokeAPI/sprites/master/sprites/pokemon/319.png'),
(2946, 'Wailmer', 'Bleu', 320, 'https://raw.githubusercontent.com/PokeAPI/sprites/master/sprites/pokemon/320.png'),
(2947, 'Wailord', 'Bleu', 321, 'https://raw.githubusercontent.com/PokeAPI/sprites/master/sprites/pokemon/321.png'),
(2948, 'Chamallot', 'Jaune', 322, 'https://raw.githubusercontent.com/PokeAPI/sprites/master/sprites/pokemon/322.png'),
(2949, 'Camérupt', 'Rouge', 323, 'https://raw.githubusercontent.com/PokeAPI/sprites/master/sprites/pokemon/323.png'),
(2950, 'Chartor', 'Brun', 324, 'https://raw.githubusercontent.com/PokeAPI/sprites/master/sprites/pokemon/324.png'),
(2951, 'Spoink', 'Noir', 325, 'https://raw.githubusercontent.com/PokeAPI/sprites/master/sprites/pokemon/325.png'),
(2952, 'Groret', 'Violet', 326, 'https://raw.githubusercontent.com/PokeAPI/sprites/master/sprites/pokemon/326.png'),
(2953, 'Spinda', 'Brun', 327, 'https://raw.githubusercontent.com/PokeAPI/sprites/master/sprites/pokemon/327.png'),
(2954, 'Kraknoix', 'Brun', 328, 'https://raw.githubusercontent.com/PokeAPI/sprites/master/sprites/pokemon/328.png'),
(2955, 'Vibraninf', 'Vert', 329, 'https://raw.githubusercontent.com/PokeAPI/sprites/master/sprites/pokemon/329.png'),
(2956, 'Libégon', 'Vert', 330, 'https://raw.githubusercontent.com/PokeAPI/sprites/master/sprites/pokemon/330.png'),
(2957, 'Cacnea', 'Vert', 331, 'https://raw.githubusercontent.com/PokeAPI/sprites/master/sprites/pokemon/331.png'),
(2958, 'Cacturne', 'Vert', 332, 'https://raw.githubusercontent.com/PokeAPI/sprites/master/sprites/pokemon/332.png'),
(2959, 'Tylton', 'Bleu', 333, 'https://raw.githubusercontent.com/PokeAPI/sprites/master/sprites/pokemon/333.png'),
(2960, 'Altaria', 'Bleu', 334, 'https://raw.githubusercontent.com/PokeAPI/sprites/master/sprites/pokemon/334.png'),
(2961, 'Mangriff', 'Blanc', 335, 'https://raw.githubusercontent.com/PokeAPI/sprites/master/sprites/pokemon/335.png'),
(2962, 'Séviper', 'Noir', 336, 'https://raw.githubusercontent.com/PokeAPI/sprites/master/sprites/pokemon/336.png'),
(2963, 'Séléroc', 'Jaune', 337, 'https://raw.githubusercontent.com/PokeAPI/sprites/master/sprites/pokemon/337.png'),
(2964, 'Solaroc', 'Rouge', 338, 'https://raw.githubusercontent.com/PokeAPI/sprites/master/sprites/pokemon/338.png'),
(2965, 'Barloche', 'Gris', 339, 'https://raw.githubusercontent.com/PokeAPI/sprites/master/sprites/pokemon/339.png'),
(2966, 'Barbicha', 'Bleu', 340, 'https://raw.githubusercontent.com/PokeAPI/sprites/master/sprites/pokemon/340.png'),
(2967, 'Écrapince', 'Rouge', 341, 'https://raw.githubusercontent.com/PokeAPI/sprites/master/sprites/pokemon/341.png'),
(2968, 'Colhomard', 'Rouge', 342, 'https://raw.githubusercontent.com/PokeAPI/sprites/master/sprites/pokemon/342.png'),
(2969, 'Balbuto', 'Brun', 343, 'https://raw.githubusercontent.com/PokeAPI/sprites/master/sprites/pokemon/343.png'),
(2970, 'Kaorine', 'Noir', 344, 'https://raw.githubusercontent.com/PokeAPI/sprites/master/sprites/pokemon/344.png'),
(2971, 'Lilia', 'Violet', 345, 'https://raw.githubusercontent.com/PokeAPI/sprites/master/sprites/pokemon/345.png'),
(2972, 'Vacilys', 'Vert', 346, 'https://raw.githubusercontent.com/PokeAPI/sprites/master/sprites/pokemon/346.png'),
(2973, 'Anorith', 'Gris', 347, 'https://raw.githubusercontent.com/PokeAPI/sprites/master/sprites/pokemon/347.png'),
(2974, 'Armaldo', 'Gris', 348, 'https://raw.githubusercontent.com/PokeAPI/sprites/master/sprites/pokemon/348.png'),
(2975, 'Barpau', 'Brun', 349, 'https://raw.githubusercontent.com/PokeAPI/sprites/master/sprites/pokemon/349.png'),
(2976, 'Milobellus', 'Rose', 350, 'https://raw.githubusercontent.com/PokeAPI/sprites/master/sprites/pokemon/350.png'),
(2977, 'Morphéo', 'Gris', 351, 'https://raw.githubusercontent.com/PokeAPI/sprites/master/sprites/pokemon/351.png'),
(2978, 'Kecleon', 'Vert', 352, 'https://raw.githubusercontent.com/PokeAPI/sprites/master/sprites/pokemon/352.png'),
(2979, 'Polichombr', 'Noir', 353, 'https://raw.githubusercontent.com/PokeAPI/sprites/master/sprites/pokemon/353.png'),
(2980, 'Branette', 'Noir', 354, 'https://raw.githubusercontent.com/PokeAPI/sprites/master/sprites/pokemon/354.png'),
(2981, 'Skelénox', 'Noir', 355, 'https://raw.githubusercontent.com/PokeAPI/sprites/master/sprites/pokemon/355.png'),
(2982, 'Téraclope', 'Noir', 356, 'https://raw.githubusercontent.com/PokeAPI/sprites/master/sprites/pokemon/356.png'),
(2983, 'Tropius', 'Vert', 357, 'https://raw.githubusercontent.com/PokeAPI/sprites/master/sprites/pokemon/357.png'),
(2984, 'Éoko', 'Bleu', 358, 'https://raw.githubusercontent.com/PokeAPI/sprites/master/sprites/pokemon/358.png'),
(2985, 'Absol', 'Blanc', 359, 'https://raw.githubusercontent.com/PokeAPI/sprites/master/sprites/pokemon/359.png'),
(2986, 'Okéoké', 'Bleu', 360, 'https://raw.githubusercontent.com/PokeAPI/sprites/master/sprites/pokemon/360.png'),
(2987, 'Stalgamin', 'Gris', 361, 'https://raw.githubusercontent.com/PokeAPI/sprites/master/sprites/pokemon/361.png'),
(2988, 'Oniglali', 'Gris', 362, 'https://raw.githubusercontent.com/PokeAPI/sprites/master/sprites/pokemon/362.png'),
(2989, 'Obalie', 'Bleu', 363, 'https://raw.githubusercontent.com/PokeAPI/sprites/master/sprites/pokemon/363.png'),
(2990, 'Phogleur', 'Bleu', 364, 'https://raw.githubusercontent.com/PokeAPI/sprites/master/sprites/pokemon/364.png'),
(2991, 'Kaimorse', 'Bleu', 365, 'https://raw.githubusercontent.com/PokeAPI/sprites/master/sprites/pokemon/365.png'),
(2992, 'Coquiperl', 'Bleu', 366, 'https://raw.githubusercontent.com/PokeAPI/sprites/master/sprites/pokemon/366.png'),
(2993, 'Serpang', 'Bleu', 367, 'https://raw.githubusercontent.com/PokeAPI/sprites/master/sprites/pokemon/367.png'),
(2994, 'Rosabyss', 'Rose', 368, 'https://raw.githubusercontent.com/PokeAPI/sprites/master/sprites/pokemon/368.png'),
(2995, 'Relicanth', 'Gris', 369, 'https://raw.githubusercontent.com/PokeAPI/sprites/master/sprites/pokemon/369.png'),
(2996, 'Lovdisc', 'Rose', 370, 'https://raw.githubusercontent.com/PokeAPI/sprites/master/sprites/pokemon/370.png'),
(2997, 'Draby', 'Bleu', 371, 'https://raw.githubusercontent.com/PokeAPI/sprites/master/sprites/pokemon/371.png'),
(2998, 'Drackhaus', 'Blanc', 372, 'https://raw.githubusercontent.com/PokeAPI/sprites/master/sprites/pokemon/372.png'),
(2999, 'Drattak', 'Bleu', 373, 'https://raw.githubusercontent.com/PokeAPI/sprites/master/sprites/pokemon/373.png'),
(3000, 'Terhal', 'Bleu', 374, 'https://raw.githubusercontent.com/PokeAPI/sprites/master/sprites/pokemon/374.png'),
(3001, 'Métang', 'Bleu', 375, 'https://raw.githubusercontent.com/PokeAPI/sprites/master/sprites/pokemon/375.png'),
(3002, 'Métalosse', 'Bleu', 376, 'https://raw.githubusercontent.com/PokeAPI/sprites/master/sprites/pokemon/376.png'),
(3003, 'Regirock', 'Brun', 377, 'https://raw.githubusercontent.com/PokeAPI/sprites/master/sprites/pokemon/377.png'),
(3004, 'Regice', 'Bleu', 378, 'https://raw.githubusercontent.com/PokeAPI/sprites/master/sprites/pokemon/378.png'),
(3005, 'Registeel', 'Gris', 379, 'https://raw.githubusercontent.com/PokeAPI/sprites/master/sprites/pokemon/379.png'),
(3006, 'Latias', 'Rouge', 380, 'https://raw.githubusercontent.com/PokeAPI/sprites/master/sprites/pokemon/380.png'),
(3007, 'Latios', 'Bleu', 381, 'https://raw.githubusercontent.com/PokeAPI/sprites/master/sprites/pokemon/381.png'),
(3008, 'Kyogre', 'Bleu', 382, 'https://raw.githubusercontent.com/PokeAPI/sprites/master/sprites/pokemon/382.png'),
(3009, 'Groudon', 'Rouge', 383, 'https://raw.githubusercontent.com/PokeAPI/sprites/master/sprites/pokemon/383.png'),
(3010, 'Rayquaza', 'Vert', 384, 'https://raw.githubusercontent.com/PokeAPI/sprites/master/sprites/pokemon/384.png'),
(3011, 'Jirachi', 'Jaune', 385, 'https://raw.githubusercontent.com/PokeAPI/sprites/master/sprites/pokemon/385.png'),
(3012, 'Delcatty', 'Violet', 301, 'https://raw.githubusercontent.com/PokeAPI/sprites/master/sprites/pokemon/301.png'),
(3013, 'Tortipouss', 'Vert', 387, 'https://raw.githubusercontent.com/PokeAPI/sprites/master/sprites/pokemon/387.png'),
(3014, 'Boskara', 'Vert', 388, 'https://raw.githubusercontent.com/PokeAPI/sprites/master/sprites/pokemon/388.png'),
(3015, 'Torterra', 'Vert', 389, 'https://raw.githubusercontent.com/PokeAPI/sprites/master/sprites/pokemon/389.png'),
(3016, 'Ouisticram', 'Brun', 390, 'https://raw.githubusercontent.com/PokeAPI/sprites/master/sprites/pokemon/390.png'),
(3017, 'Chimpenfeu', 'Brun', 391, 'https://raw.githubusercontent.com/PokeAPI/sprites/master/sprites/pokemon/391.png'),
(3018, 'Simiabraz', 'Brun', 392, 'https://raw.githubusercontent.com/PokeAPI/sprites/master/sprites/pokemon/392.png'),
(3019, 'Tiplouf', 'Bleu', 393, 'https://raw.githubusercontent.com/PokeAPI/sprites/master/sprites/pokemon/393.png'),
(3020, 'Prinplouf', 'Bleu', 394, 'https://raw.githubusercontent.com/PokeAPI/sprites/master/sprites/pokemon/394.png'),
(3021, 'Pingoléon', 'Bleu', 395, 'https://raw.githubusercontent.com/PokeAPI/sprites/master/sprites/pokemon/395.png'),
(3022, 'Étourmi', 'Brun', 396, 'https://raw.githubusercontent.com/PokeAPI/sprites/master/sprites/pokemon/396.png'),
(3023, 'Étourvol', 'Brun', 397, 'https://raw.githubusercontent.com/PokeAPI/sprites/master/sprites/pokemon/397.png'),
(3024, 'Étouraptor', 'Brun', 398, 'https://raw.githubusercontent.com/PokeAPI/sprites/master/sprites/pokemon/398.png'),
(3025, 'Keunotor', 'Brun', 399, 'https://raw.githubusercontent.com/PokeAPI/sprites/master/sprites/pokemon/399.png'),
(3026, 'Castorno', 'Brun', 400, 'https://raw.githubusercontent.com/PokeAPI/sprites/master/sprites/pokemon/400.png'),
(3027, 'Crikzik', 'Rouge', 401, 'https://raw.githubusercontent.com/PokeAPI/sprites/master/sprites/pokemon/401.png'),
(3028, 'Mélokrik', 'Rouge', 402, 'https://raw.githubusercontent.com/PokeAPI/sprites/master/sprites/pokemon/402.png'),
(3029, 'Lixy', 'Bleu', 403, 'https://raw.githubusercontent.com/PokeAPI/sprites/master/sprites/pokemon/403.png'),
(3030, 'Luxio', 'Bleu', 404, 'https://raw.githubusercontent.com/PokeAPI/sprites/master/sprites/pokemon/404.png'),
(3031, 'Luxray', 'Bleu', 405, 'https://raw.githubusercontent.com/PokeAPI/sprites/master/sprites/pokemon/405.png'),
(3032, 'Rozbouton', 'Vert', 406, 'https://raw.githubusercontent.com/PokeAPI/sprites/master/sprites/pokemon/406.png'),
(3033, 'Roserade', 'Vert', 407, 'https://raw.githubusercontent.com/PokeAPI/sprites/master/sprites/pokemon/407.png'),
(3034, 'Kranidos', 'Bleu', 408, 'https://raw.githubusercontent.com/PokeAPI/sprites/master/sprites/pokemon/408.png'),
(3035, 'Charkos', 'Bleu', 409, 'https://raw.githubusercontent.com/PokeAPI/sprites/master/sprites/pokemon/409.png'),
(3036, 'Dinoclier', 'Gris', 410, 'https://raw.githubusercontent.com/PokeAPI/sprites/master/sprites/pokemon/410.png'),
(3037, 'Bastiodon', 'Gris', 411, 'https://raw.githubusercontent.com/PokeAPI/sprites/master/sprites/pokemon/411.png'),
(3038, 'Cheniti', 'Vert', 412, 'https://raw.githubusercontent.com/PokeAPI/sprites/master/sprites/pokemon/412.png'),
(3039, 'Papilord', 'Jaune', 414, 'https://raw.githubusercontent.com/PokeAPI/sprites/master/sprites/pokemon/414.png'),
(3040, 'Apitrini', 'Jaune', 415, 'https://raw.githubusercontent.com/PokeAPI/sprites/master/sprites/pokemon/415.png'),
(3041, 'Apireine', 'Jaune', 416, 'https://raw.githubusercontent.com/PokeAPI/sprites/master/sprites/pokemon/416.png'),
(3042, 'Pachirisu', 'Blanc', 417, 'https://raw.githubusercontent.com/PokeAPI/sprites/master/sprites/pokemon/417.png'),
(3043, 'Mustébouée', 'Brun', 418, 'https://raw.githubusercontent.com/PokeAPI/sprites/master/sprites/pokemon/418.png'),
(3044, 'Mustéflott', 'Brun', 419, 'https://raw.githubusercontent.com/PokeAPI/sprites/master/sprites/pokemon/419.png'),
(3045, 'Ceribou', 'Rose', 420, 'https://raw.githubusercontent.com/PokeAPI/sprites/master/sprites/pokemon/420.png'),
(3046, 'Ceriflor', 'Violet', 421, 'https://raw.githubusercontent.com/PokeAPI/sprites/master/sprites/pokemon/421.png'),
(3047, 'Sancoki', 'Violet', 422, 'https://raw.githubusercontent.com/PokeAPI/sprites/master/sprites/pokemon/422.png'),
(3048, 'Tritosor', 'Violet', 423, 'https://raw.githubusercontent.com/PokeAPI/sprites/master/sprites/pokemon/423.png'),
(3049, 'Capidextre', 'Violet', 424, 'https://raw.githubusercontent.com/PokeAPI/sprites/master/sprites/pokemon/424.png'),
(3050, 'Baudrive', 'Violet', 425, 'https://raw.githubusercontent.com/PokeAPI/sprites/master/sprites/pokemon/425.png'),
(3051, 'Grodrive', 'Violet', 426, 'https://raw.githubusercontent.com/PokeAPI/sprites/master/sprites/pokemon/426.png'),
(3052, 'Laporeille', 'Brun', 427, 'https://raw.githubusercontent.com/PokeAPI/sprites/master/sprites/pokemon/427.png'),
(3053, 'Lockpin', 'Brun', 428, 'https://raw.githubusercontent.com/PokeAPI/sprites/master/sprites/pokemon/428.png'),
(3054, 'Magirêve', 'Violet', 429, 'https://raw.githubusercontent.com/PokeAPI/sprites/master/sprites/pokemon/429.png'),
(3055, 'Corboss', 'Noir', 430, 'https://raw.githubusercontent.com/PokeAPI/sprites/master/sprites/pokemon/430.png'),
(3056, 'Chaglam', 'Gris', 431, 'https://raw.githubusercontent.com/PokeAPI/sprites/master/sprites/pokemon/431.png'),
(3057, 'Chaffreux', 'Gris', 432, 'https://raw.githubusercontent.com/PokeAPI/sprites/master/sprites/pokemon/432.png'),
(3058, 'Korillon', 'Jaune', 433, 'https://raw.githubusercontent.com/PokeAPI/sprites/master/sprites/pokemon/433.png'),
(3059, 'Moufouette', 'Violet', 434, 'https://raw.githubusercontent.com/PokeAPI/sprites/master/sprites/pokemon/434.png'),
(3060, 'Moufflair', 'Violet', 435, 'https://raw.githubusercontent.com/PokeAPI/sprites/master/sprites/pokemon/435.png'),
(3061, 'Archéomire', 'Vert', 436, 'https://raw.githubusercontent.com/PokeAPI/sprites/master/sprites/pokemon/436.png'),
(3062, 'Archéodong', 'Vert', 437, 'https://raw.githubusercontent.com/PokeAPI/sprites/master/sprites/pokemon/437.png');
INSERT INTO `pokemon` (`id`, `name`, `color`, `api_id`, `image`) VALUES
(3063, 'Manzaï', 'Brun', 438, 'https://raw.githubusercontent.com/PokeAPI/sprites/master/sprites/pokemon/438.png'),
(3064, 'Mime Jr.', 'Rose', 439, 'https://raw.githubusercontent.com/PokeAPI/sprites/master/sprites/pokemon/439.png'),
(3065, 'Ptiravi', 'Rose', 440, 'https://raw.githubusercontent.com/PokeAPI/sprites/master/sprites/pokemon/440.png'),
(3066, 'Pijako', 'Noir', 441, 'https://raw.githubusercontent.com/PokeAPI/sprites/master/sprites/pokemon/441.png'),
(3067, 'Spiritomb', 'Violet', 442, 'https://raw.githubusercontent.com/PokeAPI/sprites/master/sprites/pokemon/442.png'),
(3068, 'Griknot', 'Bleu', 443, 'https://raw.githubusercontent.com/PokeAPI/sprites/master/sprites/pokemon/443.png'),
(3069, 'Carmache', 'Bleu', 444, 'https://raw.githubusercontent.com/PokeAPI/sprites/master/sprites/pokemon/444.png'),
(3070, 'Carchacrok', 'Bleu', 445, 'https://raw.githubusercontent.com/PokeAPI/sprites/master/sprites/pokemon/445.png'),
(3071, 'Goinfrex', 'Noir', 446, 'https://raw.githubusercontent.com/PokeAPI/sprites/master/sprites/pokemon/446.png'),
(3072, 'Riolu', 'Bleu', 447, 'https://raw.githubusercontent.com/PokeAPI/sprites/master/sprites/pokemon/447.png'),
(3073, 'Lucario', 'Bleu', 448, 'https://raw.githubusercontent.com/PokeAPI/sprites/master/sprites/pokemon/448.png'),
(3074, 'Hippopotas', 'Brun', 449, 'https://raw.githubusercontent.com/PokeAPI/sprites/master/sprites/pokemon/449.png'),
(3075, 'Hippodocus', 'Brun', 450, 'https://raw.githubusercontent.com/PokeAPI/sprites/master/sprites/pokemon/450.png'),
(3076, 'Rapion', 'Violet', 451, 'https://raw.githubusercontent.com/PokeAPI/sprites/master/sprites/pokemon/451.png'),
(3077, 'Drascore', 'Violet', 452, 'https://raw.githubusercontent.com/PokeAPI/sprites/master/sprites/pokemon/452.png'),
(3078, 'Cradopaud', 'Bleu', 453, 'https://raw.githubusercontent.com/PokeAPI/sprites/master/sprites/pokemon/453.png'),
(3079, 'Coatox', 'Bleu', 454, 'https://raw.githubusercontent.com/PokeAPI/sprites/master/sprites/pokemon/454.png'),
(3080, 'Vortente', 'Vert', 455, 'https://raw.githubusercontent.com/PokeAPI/sprites/master/sprites/pokemon/455.png'),
(3081, 'Écayon', 'Bleu', 456, 'https://raw.githubusercontent.com/PokeAPI/sprites/master/sprites/pokemon/456.png'),
(3082, 'Luminéon', 'Bleu', 457, 'https://raw.githubusercontent.com/PokeAPI/sprites/master/sprites/pokemon/457.png'),
(3083, 'Babimanta', 'Bleu', 458, 'https://raw.githubusercontent.com/PokeAPI/sprites/master/sprites/pokemon/458.png'),
(3084, 'Blizzi', 'Blanc', 459, 'https://raw.githubusercontent.com/PokeAPI/sprites/master/sprites/pokemon/459.png'),
(3085, 'Blizzaroi', 'Blanc', 460, 'https://raw.githubusercontent.com/PokeAPI/sprites/master/sprites/pokemon/460.png'),
(3086, 'Dimoret', 'Noir', 461, 'https://raw.githubusercontent.com/PokeAPI/sprites/master/sprites/pokemon/461.png'),
(3087, 'Magnézone', 'Gris', 462, 'https://raw.githubusercontent.com/PokeAPI/sprites/master/sprites/pokemon/462.png'),
(3088, 'Coudlangue', 'Rose', 463, 'https://raw.githubusercontent.com/PokeAPI/sprites/master/sprites/pokemon/463.png'),
(3089, 'Rhinastoc', 'Gris', 464, 'https://raw.githubusercontent.com/PokeAPI/sprites/master/sprites/pokemon/464.png'),
(3090, 'Bouldeneu', 'Bleu', 465, 'https://raw.githubusercontent.com/PokeAPI/sprites/master/sprites/pokemon/465.png'),
(3091, 'Élekable', 'Jaune', 466, 'https://raw.githubusercontent.com/PokeAPI/sprites/master/sprites/pokemon/466.png'),
(3092, 'Maganon', 'Rouge', 467, 'https://raw.githubusercontent.com/PokeAPI/sprites/master/sprites/pokemon/467.png'),
(3093, 'Togekiss', 'Blanc', 468, 'https://raw.githubusercontent.com/PokeAPI/sprites/master/sprites/pokemon/468.png'),
(3094, 'Yanmega', 'Vert', 469, 'https://raw.githubusercontent.com/PokeAPI/sprites/master/sprites/pokemon/469.png'),
(3095, 'Phyllali', 'Vert', 470, 'https://raw.githubusercontent.com/PokeAPI/sprites/master/sprites/pokemon/470.png'),
(3096, 'Givrali', 'Bleu', 471, 'https://raw.githubusercontent.com/PokeAPI/sprites/master/sprites/pokemon/471.png'),
(3097, 'Scorvol', 'Violet', 472, 'https://raw.githubusercontent.com/PokeAPI/sprites/master/sprites/pokemon/472.png'),
(3098, 'Mammochon', 'Brun', 473, 'https://raw.githubusercontent.com/PokeAPI/sprites/master/sprites/pokemon/473.png'),
(3099, 'Porygon-Z', 'Rouge', 474, 'https://raw.githubusercontent.com/PokeAPI/sprites/master/sprites/pokemon/474.png'),
(3100, 'Gallame', 'Blanc', 475, 'https://raw.githubusercontent.com/PokeAPI/sprites/master/sprites/pokemon/475.png'),
(3101, 'Tarinorme', 'Gris', 476, 'https://raw.githubusercontent.com/PokeAPI/sprites/master/sprites/pokemon/476.png'),
(3102, 'Noctunoir', 'Noir', 477, 'https://raw.githubusercontent.com/PokeAPI/sprites/master/sprites/pokemon/477.png'),
(3103, 'Momartik', 'Blanc', 478, 'https://raw.githubusercontent.com/PokeAPI/sprites/master/sprites/pokemon/478.png'),
(3104, 'Motisma', 'Rouge', 479, 'https://raw.githubusercontent.com/PokeAPI/sprites/master/sprites/pokemon/479.png'),
(3105, 'Créhelf', 'Jaune', 480, 'https://raw.githubusercontent.com/PokeAPI/sprites/master/sprites/pokemon/480.png'),
(3106, 'Créfollet', 'Rose', 481, 'https://raw.githubusercontent.com/PokeAPI/sprites/master/sprites/pokemon/481.png'),
(3107, 'Créfadet', 'Bleu', 482, 'https://raw.githubusercontent.com/PokeAPI/sprites/master/sprites/pokemon/482.png'),
(3108, 'Dialga', 'Blanc', 483, 'https://raw.githubusercontent.com/PokeAPI/sprites/master/sprites/pokemon/483.png'),
(3109, 'Palkia', 'Violet', 484, 'https://raw.githubusercontent.com/PokeAPI/sprites/master/sprites/pokemon/484.png'),
(3110, 'Heatran', 'Brun', 485, 'https://raw.githubusercontent.com/PokeAPI/sprites/master/sprites/pokemon/485.png'),
(3111, 'Regigigas', 'Blanc', 486, 'https://raw.githubusercontent.com/PokeAPI/sprites/master/sprites/pokemon/486.png'),
(3112, 'Cresselia', 'Jaune', 488, 'https://raw.githubusercontent.com/PokeAPI/sprites/master/sprites/pokemon/488.png'),
(3113, 'Phione', 'Bleu', 489, 'https://raw.githubusercontent.com/PokeAPI/sprites/master/sprites/pokemon/489.png'),
(3114, 'Manaphy', 'Bleu', 490, 'https://raw.githubusercontent.com/PokeAPI/sprites/master/sprites/pokemon/490.png'),
(3115, 'Darkrai', 'Noir', 491, 'https://raw.githubusercontent.com/PokeAPI/sprites/master/sprites/pokemon/491.png'),
(3116, 'Arceus', 'Blanc', 493, 'https://raw.githubusercontent.com/PokeAPI/sprites/master/sprites/pokemon/493.png'),
(3117, 'Victini', 'Jaune', 494, 'https://raw.githubusercontent.com/PokeAPI/sprites/master/sprites/pokemon/494.png'),
(3416, 'Deoxys', 'Rouge', 386, 'https://raw.githubusercontent.com/PokeAPI/sprites/master/sprites/pokemon/386.png'),
(3417, 'Cheniselle', 'Vert', 413, 'https://raw.githubusercontent.com/PokeAPI/sprites/master/sprites/pokemon/413.png'),
(3418, 'Giratina', 'Noir', 487, 'https://raw.githubusercontent.com/PokeAPI/sprites/master/sprites/pokemon/487.png'),
(3419, 'Shaymin', 'Vert', 492, 'https://raw.githubusercontent.com/PokeAPI/sprites/master/sprites/pokemon/492.png'),
(3420, 'Vipélierre', 'Vert', 495, 'https://raw.githubusercontent.com/PokeAPI/sprites/master/sprites/pokemon/495.png'),
(3421, 'Lianaja', 'Vert', 496, 'https://raw.githubusercontent.com/PokeAPI/sprites/master/sprites/pokemon/496.png'),
(3422, 'Majaspic', 'Vert', 497, 'https://raw.githubusercontent.com/PokeAPI/sprites/master/sprites/pokemon/497.png'),
(3423, 'Gruikui', 'Rouge', 498, 'https://raw.githubusercontent.com/PokeAPI/sprites/master/sprites/pokemon/498.png'),
(3424, 'Grotichon', 'Rouge', 499, 'https://raw.githubusercontent.com/PokeAPI/sprites/master/sprites/pokemon/499.png'),
(3425, 'Roitiflam', 'Rouge', 500, 'https://raw.githubusercontent.com/PokeAPI/sprites/master/sprites/pokemon/500.png'),
(3428, 'Moustillon', 'Bleu', 501, 'https://raw.githubusercontent.com/PokeAPI/sprites/master/sprites/pokemon/501.png'),
(3429, 'Mateloutre', 'Bleu', 502, 'https://raw.githubusercontent.com/PokeAPI/sprites/master/sprites/pokemon/502.png'),
(3430, 'Clamiral', 'Bleu', 503, 'https://raw.githubusercontent.com/PokeAPI/sprites/master/sprites/pokemon/503.png'),
(3431, 'Ratentif', 'Brun', 504, 'https://raw.githubusercontent.com/PokeAPI/sprites/master/sprites/pokemon/504.png'),
(3432, 'Miradar', 'Brun', 505, 'https://raw.githubusercontent.com/PokeAPI/sprites/master/sprites/pokemon/505.png'),
(3433, 'Ponchiot', 'Brun', 506, 'https://raw.githubusercontent.com/PokeAPI/sprites/master/sprites/pokemon/506.png'),
(3434, 'Ponchien', 'Gris', 507, 'https://raw.githubusercontent.com/PokeAPI/sprites/master/sprites/pokemon/507.png'),
(3435, 'Mastouffe', 'Gris', 508, 'https://raw.githubusercontent.com/PokeAPI/sprites/master/sprites/pokemon/508.png'),
(3436, 'Chacripan', 'Violet', 509, 'https://raw.githubusercontent.com/PokeAPI/sprites/master/sprites/pokemon/509.png'),
(3437, 'Léopardus', 'Violet', 510, 'https://raw.githubusercontent.com/PokeAPI/sprites/master/sprites/pokemon/510.png'),
(3438, 'Feuillajou', 'Vert', 511, 'https://raw.githubusercontent.com/PokeAPI/sprites/master/sprites/pokemon/511.png'),
(3439, 'Feuiloutan', 'Vert', 512, 'https://raw.githubusercontent.com/PokeAPI/sprites/master/sprites/pokemon/512.png'),
(3440, 'Flamajou', 'Rouge', 513, 'https://raw.githubusercontent.com/PokeAPI/sprites/master/sprites/pokemon/513.png'),
(3441, 'Flamoutan', 'Rouge', 514, 'https://raw.githubusercontent.com/PokeAPI/sprites/master/sprites/pokemon/514.png'),
(3442, 'Flotajou', 'Bleu', 515, 'https://raw.githubusercontent.com/PokeAPI/sprites/master/sprites/pokemon/515.png'),
(3443, 'Flotoutan', 'Bleu', 516, 'https://raw.githubusercontent.com/PokeAPI/sprites/master/sprites/pokemon/516.png'),
(3444, 'Munna', 'Rose', 517, 'https://raw.githubusercontent.com/PokeAPI/sprites/master/sprites/pokemon/517.png'),
(3445, 'Mushana', 'Rose', 518, 'https://raw.githubusercontent.com/PokeAPI/sprites/master/sprites/pokemon/518.png'),
(3446, 'Poichigeon', 'Gris', 519, 'https://raw.githubusercontent.com/PokeAPI/sprites/master/sprites/pokemon/519.png'),
(3447, 'Colombeau', 'Gris', 520, 'https://raw.githubusercontent.com/PokeAPI/sprites/master/sprites/pokemon/520.png'),
(3448, 'Déflaisan', 'Gris', 521, 'https://raw.githubusercontent.com/PokeAPI/sprites/master/sprites/pokemon/521.png'),
(3449, 'Zébibron', 'Noir', 522, 'https://raw.githubusercontent.com/PokeAPI/sprites/master/sprites/pokemon/522.png'),
(3450, 'Zéblitz', 'Noir', 523, 'https://raw.githubusercontent.com/PokeAPI/sprites/master/sprites/pokemon/523.png'),
(3451, 'Nodulithe', 'Bleu', 524, 'https://raw.githubusercontent.com/PokeAPI/sprites/master/sprites/pokemon/524.png'),
(3452, 'Géolithe', 'Bleu', 525, 'https://raw.githubusercontent.com/PokeAPI/sprites/master/sprites/pokemon/525.png'),
(3453, 'Gigalithe', 'Bleu', 526, 'https://raw.githubusercontent.com/PokeAPI/sprites/master/sprites/pokemon/526.png'),
(3454, 'Chovsourir', 'Bleu', 527, 'https://raw.githubusercontent.com/PokeAPI/sprites/master/sprites/pokemon/527.png'),
(3455, 'Rhinolove', 'Bleu', 528, 'https://raw.githubusercontent.com/PokeAPI/sprites/master/sprites/pokemon/528.png'),
(3456, 'Rototaupe', 'Gris', 529, 'https://raw.githubusercontent.com/PokeAPI/sprites/master/sprites/pokemon/529.png'),
(3457, 'Minotaupe', 'Gris', 530, 'https://raw.githubusercontent.com/PokeAPI/sprites/master/sprites/pokemon/530.png'),
(3458, 'Nanméouïe', 'Rose', 531, 'https://raw.githubusercontent.com/PokeAPI/sprites/master/sprites/pokemon/531.png'),
(3459, 'Charpenti', 'Gris', 532, 'https://raw.githubusercontent.com/PokeAPI/sprites/master/sprites/pokemon/532.png'),
(3460, 'Ouvrifier', 'Gris', 533, 'https://raw.githubusercontent.com/PokeAPI/sprites/master/sprites/pokemon/533.png'),
(3461, 'Bétochef', 'Brun', 534, 'https://raw.githubusercontent.com/PokeAPI/sprites/master/sprites/pokemon/534.png'),
(3462, 'Tritonde', 'Bleu', 535, 'https://raw.githubusercontent.com/PokeAPI/sprites/master/sprites/pokemon/535.png'),
(3463, 'Batracné', 'Bleu', 536, 'https://raw.githubusercontent.com/PokeAPI/sprites/master/sprites/pokemon/536.png'),
(3464, 'Crapustule', 'Bleu', 537, 'https://raw.githubusercontent.com/PokeAPI/sprites/master/sprites/pokemon/537.png'),
(3465, 'Judokrak', 'Rouge', 538, 'https://raw.githubusercontent.com/PokeAPI/sprites/master/sprites/pokemon/538.png'),
(3466, 'Karaclée', 'Bleu', 539, 'https://raw.githubusercontent.com/PokeAPI/sprites/master/sprites/pokemon/539.png'),
(3467, 'Larveyette', 'Jaune', 540, 'https://raw.githubusercontent.com/PokeAPI/sprites/master/sprites/pokemon/540.png'),
(3468, 'Couverdure', 'Vert', 541, 'https://raw.githubusercontent.com/PokeAPI/sprites/master/sprites/pokemon/541.png'),
(3469, 'Manternel', 'Jaune', 542, 'https://raw.githubusercontent.com/PokeAPI/sprites/master/sprites/pokemon/542.png'),
(3470, 'Venipatte', 'Rouge', 543, 'https://raw.githubusercontent.com/PokeAPI/sprites/master/sprites/pokemon/543.png'),
(3471, 'Scobolide', 'Gris', 544, 'https://raw.githubusercontent.com/PokeAPI/sprites/master/sprites/pokemon/544.png'),
(3472, 'Brutapode', 'Rouge', 545, 'https://raw.githubusercontent.com/PokeAPI/sprites/master/sprites/pokemon/545.png'),
(3473, 'Doudouvet', 'Vert', 546, 'https://raw.githubusercontent.com/PokeAPI/sprites/master/sprites/pokemon/546.png'),
(3474, 'Farfaduvet', 'Vert', 547, 'https://raw.githubusercontent.com/PokeAPI/sprites/master/sprites/pokemon/547.png'),
(3475, 'Chlorobule', 'Vert', 548, 'https://raw.githubusercontent.com/PokeAPI/sprites/master/sprites/pokemon/548.png'),
(3476, 'Fragilady', 'Vert', 549, 'https://raw.githubusercontent.com/PokeAPI/sprites/master/sprites/pokemon/549.png'),
(3477, 'Bargantua', 'Vert', 550, 'https://raw.githubusercontent.com/PokeAPI/sprites/master/sprites/pokemon/550.png'),
(3478, 'Mascaïman', 'Brun', 551, 'https://raw.githubusercontent.com/PokeAPI/sprites/master/sprites/pokemon/551.png'),
(3479, 'Escroco', 'Brun', 552, 'https://raw.githubusercontent.com/PokeAPI/sprites/master/sprites/pokemon/552.png'),
(3480, 'Crocorible', 'Rouge', 553, 'https://raw.githubusercontent.com/PokeAPI/sprites/master/sprites/pokemon/553.png'),
(3481, 'Darumarond', 'Rouge', 554, 'https://raw.githubusercontent.com/PokeAPI/sprites/master/sprites/pokemon/554.png'),
(3482, 'Darumacho', 'Rouge', 555, 'https://raw.githubusercontent.com/PokeAPI/sprites/master/sprites/pokemon/555.png'),
(3483, 'Maracachi', 'Vert', 556, 'https://raw.githubusercontent.com/PokeAPI/sprites/master/sprites/pokemon/556.png'),
(3484, 'Crabicoque', 'Rouge', 557, 'https://raw.githubusercontent.com/PokeAPI/sprites/master/sprites/pokemon/557.png'),
(3485, 'Crabaraque', 'Rouge', 558, 'https://raw.githubusercontent.com/PokeAPI/sprites/master/sprites/pokemon/558.png'),
(3486, 'Baggiguane', 'Jaune', 559, 'https://raw.githubusercontent.com/PokeAPI/sprites/master/sprites/pokemon/559.png'),
(3487, 'Baggaïd', 'Rouge', 560, 'https://raw.githubusercontent.com/PokeAPI/sprites/master/sprites/pokemon/560.png'),
(3488, 'Cryptéro', 'Noir', 561, 'https://raw.githubusercontent.com/PokeAPI/sprites/master/sprites/pokemon/561.png'),
(3489, 'Tutafeh', 'Noir', 562, 'https://raw.githubusercontent.com/PokeAPI/sprites/master/sprites/pokemon/562.png'),
(3490, 'Tutankafer', 'Jaune', 563, 'https://raw.githubusercontent.com/PokeAPI/sprites/master/sprites/pokemon/563.png'),
(3491, 'Carapagos', 'Bleu', 564, 'https://raw.githubusercontent.com/PokeAPI/sprites/master/sprites/pokemon/564.png'),
(3492, 'Mégapagos', 'Bleu', 565, 'https://raw.githubusercontent.com/PokeAPI/sprites/master/sprites/pokemon/565.png'),
(3493, 'Arkéapti', 'Jaune', 566, 'https://raw.githubusercontent.com/PokeAPI/sprites/master/sprites/pokemon/566.png'),
(3494, 'Aéroptéryx', 'Jaune', 567, 'https://raw.githubusercontent.com/PokeAPI/sprites/master/sprites/pokemon/567.png'),
(3495, 'Miamiasme', 'Vert', 568, 'https://raw.githubusercontent.com/PokeAPI/sprites/master/sprites/pokemon/568.png'),
(3496, 'Miasmax', 'Vert', 569, 'https://raw.githubusercontent.com/PokeAPI/sprites/master/sprites/pokemon/569.png'),
(3497, 'Zorua', 'Gris', 570, 'https://raw.githubusercontent.com/PokeAPI/sprites/master/sprites/pokemon/570.png'),
(3498, 'Zoroark', 'Gris', 571, 'https://raw.githubusercontent.com/PokeAPI/sprites/master/sprites/pokemon/571.png'),
(3499, 'Chinchidou', 'Gris', 572, 'https://raw.githubusercontent.com/PokeAPI/sprites/master/sprites/pokemon/572.png'),
(3500, 'Pashmilla', 'Gris', 573, 'https://raw.githubusercontent.com/PokeAPI/sprites/master/sprites/pokemon/573.png'),
(3501, 'Scrutella', 'Violet', 574, 'https://raw.githubusercontent.com/PokeAPI/sprites/master/sprites/pokemon/574.png'),
(3502, 'Mesmérella', 'Violet', 575, 'https://raw.githubusercontent.com/PokeAPI/sprites/master/sprites/pokemon/575.png'),
(3503, 'Sidérella', 'Violet', 576, 'https://raw.githubusercontent.com/PokeAPI/sprites/master/sprites/pokemon/576.png'),
(3504, 'Nucléos', 'Vert', 577, 'https://raw.githubusercontent.com/PokeAPI/sprites/master/sprites/pokemon/577.png'),
(3505, 'Méios', 'Vert', 578, 'https://raw.githubusercontent.com/PokeAPI/sprites/master/sprites/pokemon/578.png'),
(3506, 'Symbios', 'Vert', 579, 'https://raw.githubusercontent.com/PokeAPI/sprites/master/sprites/pokemon/579.png'),
(3507, 'Couaneton', 'Bleu', 580, 'https://raw.githubusercontent.com/PokeAPI/sprites/master/sprites/pokemon/580.png'),
(3508, 'Lakmécygne', 'Blanc', 581, 'https://raw.githubusercontent.com/PokeAPI/sprites/master/sprites/pokemon/581.png'),
(3509, 'Sorbébé', 'Blanc', 582, 'https://raw.githubusercontent.com/PokeAPI/sprites/master/sprites/pokemon/582.png'),
(3510, 'Sorboul', 'Blanc', 583, 'https://raw.githubusercontent.com/PokeAPI/sprites/master/sprites/pokemon/583.png'),
(3511, 'Sorbouboul', 'Blanc', 584, 'https://raw.githubusercontent.com/PokeAPI/sprites/master/sprites/pokemon/584.png'),
(3512, 'Vivaldaim', 'Rose', 585, 'https://raw.githubusercontent.com/PokeAPI/sprites/master/sprites/pokemon/585.png'),
(3513, 'Haydaim', 'Brun', 586, 'https://raw.githubusercontent.com/PokeAPI/sprites/master/sprites/pokemon/586.png'),
(3514, 'Emolga', 'Blanc', 587, 'https://raw.githubusercontent.com/PokeAPI/sprites/master/sprites/pokemon/587.png'),
(3515, 'Carabing', 'Bleu', 588, 'https://raw.githubusercontent.com/PokeAPI/sprites/master/sprites/pokemon/588.png'),
(3516, 'Lançargot', 'Gris', 589, 'https://raw.githubusercontent.com/PokeAPI/sprites/master/sprites/pokemon/589.png'),
(3517, 'Trompignon', 'Blanc', 590, 'https://raw.githubusercontent.com/PokeAPI/sprites/master/sprites/pokemon/590.png'),
(3518, 'Gaulet', 'Blanc', 591, 'https://raw.githubusercontent.com/PokeAPI/sprites/master/sprites/pokemon/591.png'),
(3519, 'Viskuse', 'Blanc', 592, 'https://raw.githubusercontent.com/PokeAPI/sprites/master/sprites/pokemon/592.png'),
(3520, 'Moyade', 'Blanc', 593, 'https://raw.githubusercontent.com/PokeAPI/sprites/master/sprites/pokemon/593.png'),
(3521, 'Mamanbo', 'Rose', 594, 'https://raw.githubusercontent.com/PokeAPI/sprites/master/sprites/pokemon/594.png'),
(3522, 'Statitik', 'Jaune', 595, 'https://raw.githubusercontent.com/PokeAPI/sprites/master/sprites/pokemon/595.png'),
(3523, 'Mygavolt', 'Jaune', 596, 'https://raw.githubusercontent.com/PokeAPI/sprites/master/sprites/pokemon/596.png'),
(3524, 'Grindur', 'Gris', 597, 'https://raw.githubusercontent.com/PokeAPI/sprites/master/sprites/pokemon/597.png'),
(3525, 'Noacier', 'Gris', 598, 'https://raw.githubusercontent.com/PokeAPI/sprites/master/sprites/pokemon/598.png'),
(3526, 'Tic', 'Gris', 599, 'https://raw.githubusercontent.com/PokeAPI/sprites/master/sprites/pokemon/599.png'),
(3527, 'Clic', 'Gris', 600, 'https://raw.githubusercontent.com/PokeAPI/sprites/master/sprites/pokemon/600.png'),
(3528, 'Cliticlic', 'Gris', 601, 'https://raw.githubusercontent.com/PokeAPI/sprites/master/sprites/pokemon/601.png'),
(3529, 'Anchwatt', 'Blanc', 602, 'https://raw.githubusercontent.com/PokeAPI/sprites/master/sprites/pokemon/602.png'),
(3530, 'Lampéroie', 'Bleu', 603, 'https://raw.githubusercontent.com/PokeAPI/sprites/master/sprites/pokemon/603.png'),
(3531, 'Ohmassacre', 'Bleu', 604, 'https://raw.githubusercontent.com/PokeAPI/sprites/master/sprites/pokemon/604.png'),
(3532, 'Lewsor', 'Bleu', 605, 'https://raw.githubusercontent.com/PokeAPI/sprites/master/sprites/pokemon/605.png'),
(3533, 'Neitram', 'Brun', 606, 'https://raw.githubusercontent.com/PokeAPI/sprites/master/sprites/pokemon/606.png'),
(3534, 'Funécire', 'Blanc', 607, 'https://raw.githubusercontent.com/PokeAPI/sprites/master/sprites/pokemon/607.png'),
(3535, 'Mélancolux', 'Noir', 608, 'https://raw.githubusercontent.com/PokeAPI/sprites/master/sprites/pokemon/608.png'),
(3536, 'Lugulabre', 'Noir', 609, 'https://raw.githubusercontent.com/PokeAPI/sprites/master/sprites/pokemon/609.png'),
(3537, 'Coupenotte', 'Vert', 610, 'https://raw.githubusercontent.com/PokeAPI/sprites/master/sprites/pokemon/610.png'),
(3538, 'Incisache', 'Vert', 611, 'https://raw.githubusercontent.com/PokeAPI/sprites/master/sprites/pokemon/611.png'),
(3539, 'Tranchodon', 'Jaune', 612, 'https://raw.githubusercontent.com/PokeAPI/sprites/master/sprites/pokemon/612.png'),
(3540, 'Polarhume', 'Blanc', 613, 'https://raw.githubusercontent.com/PokeAPI/sprites/master/sprites/pokemon/613.png'),
(3541, 'Polagriffe', 'Blanc', 614, 'https://raw.githubusercontent.com/PokeAPI/sprites/master/sprites/pokemon/614.png'),
(3542, 'Hexagel', 'Bleu', 615, 'https://raw.githubusercontent.com/PokeAPI/sprites/master/sprites/pokemon/615.png'),
(3543, 'Escargaume', 'Rouge', 616, 'https://raw.githubusercontent.com/PokeAPI/sprites/master/sprites/pokemon/616.png'),
(3544, 'Limaspeed', 'Rouge', 617, 'https://raw.githubusercontent.com/PokeAPI/sprites/master/sprites/pokemon/617.png'),
(3545, 'Limonde', 'Brun', 618, 'https://raw.githubusercontent.com/PokeAPI/sprites/master/sprites/pokemon/618.png'),
(3546, 'Kungfouine', 'Jaune', 619, 'https://raw.githubusercontent.com/PokeAPI/sprites/master/sprites/pokemon/619.png'),
(3547, 'Shaofouine', 'Violet', 620, 'https://raw.githubusercontent.com/PokeAPI/sprites/master/sprites/pokemon/620.png'),
(3548, 'Drakkarmin', 'Rouge', 621, 'https://raw.githubusercontent.com/PokeAPI/sprites/master/sprites/pokemon/621.png'),
(3549, 'Gringolem', 'Vert', 622, 'https://raw.githubusercontent.com/PokeAPI/sprites/master/sprites/pokemon/622.png'),
(3550, 'Golemastoc', 'Vert', 623, 'https://raw.githubusercontent.com/PokeAPI/sprites/master/sprites/pokemon/623.png'),
(3551, 'Scalpion', 'Rouge', 624, 'https://raw.githubusercontent.com/PokeAPI/sprites/master/sprites/pokemon/624.png'),
(3552, 'Scalproie', 'Rouge', 625, 'https://raw.githubusercontent.com/PokeAPI/sprites/master/sprites/pokemon/625.png'),
(3553, 'Frison', 'Brun', 626, 'https://raw.githubusercontent.com/PokeAPI/sprites/master/sprites/pokemon/626.png'),
(3554, 'Furaiglon', 'Blanc', 627, 'https://raw.githubusercontent.com/PokeAPI/sprites/master/sprites/pokemon/627.png'),
(3555, 'Gueriaigle', 'Rouge', 628, 'https://raw.githubusercontent.com/PokeAPI/sprites/master/sprites/pokemon/628.png'),
(3556, 'Vostourno', 'Brun', 629, 'https://raw.githubusercontent.com/PokeAPI/sprites/master/sprites/pokemon/629.png'),
(3557, 'Vaututrice', 'Brun', 630, 'https://raw.githubusercontent.com/PokeAPI/sprites/master/sprites/pokemon/630.png'),
(3558, 'Aflamanoir', 'Rouge', 631, 'https://raw.githubusercontent.com/PokeAPI/sprites/master/sprites/pokemon/631.png'),
(3559, 'Fermite', 'Gris', 632, 'https://raw.githubusercontent.com/PokeAPI/sprites/master/sprites/pokemon/632.png'),
(3560, 'Solochi', 'Bleu', 633, 'https://raw.githubusercontent.com/PokeAPI/sprites/master/sprites/pokemon/633.png'),
(3561, 'Diamat', 'Bleu', 634, 'https://raw.githubusercontent.com/PokeAPI/sprites/master/sprites/pokemon/634.png'),
(3562, 'Trioxhydre', 'Bleu', 635, 'https://raw.githubusercontent.com/PokeAPI/sprites/master/sprites/pokemon/635.png'),
(3563, 'Pyronille', 'Blanc', 636, 'https://raw.githubusercontent.com/PokeAPI/sprites/master/sprites/pokemon/636.png'),
(3564, 'Pyrax', 'Blanc', 637, 'https://raw.githubusercontent.com/PokeAPI/sprites/master/sprites/pokemon/637.png'),
(3565, 'Cobaltium', 'Bleu', 638, 'https://raw.githubusercontent.com/PokeAPI/sprites/master/sprites/pokemon/638.png'),
(3566, 'Terrakium', 'Gris', 639, 'https://raw.githubusercontent.com/PokeAPI/sprites/master/sprites/pokemon/639.png'),
(3567, 'Viridium', 'Vert', 640, 'https://raw.githubusercontent.com/PokeAPI/sprites/master/sprites/pokemon/640.png'),
(3568, 'Boréas', 'Vert', 641, 'https://raw.githubusercontent.com/PokeAPI/sprites/master/sprites/pokemon/641.png'),
(3569, 'Fulguris', 'Bleu', 642, 'https://raw.githubusercontent.com/PokeAPI/sprites/master/sprites/pokemon/642.png'),
(3570, 'Reshiram', 'Blanc', 643, 'https://raw.githubusercontent.com/PokeAPI/sprites/master/sprites/pokemon/643.png'),
(3571, 'Zekrom', 'Noir', 644, 'https://raw.githubusercontent.com/PokeAPI/sprites/master/sprites/pokemon/644.png'),
(3572, 'Démétéros', 'Brun', 645, 'https://raw.githubusercontent.com/PokeAPI/sprites/master/sprites/pokemon/645.png'),
(3573, 'Kyurem', 'Gris', 646, 'https://raw.githubusercontent.com/PokeAPI/sprites/master/sprites/pokemon/646.png'),
(3574, 'Keldeo', 'Jaune', 647, 'https://raw.githubusercontent.com/PokeAPI/sprites/master/sprites/pokemon/647.png'),
(3575, 'Meloetta', 'Blanc', 648, 'https://raw.githubusercontent.com/PokeAPI/sprites/master/sprites/pokemon/648.png'),
(3576, 'Genesect', 'Violet', 649, 'https://raw.githubusercontent.com/PokeAPI/sprites/master/sprites/pokemon/649.png'),
(3577, 'Marisson', 'Vert', 650, 'https://raw.githubusercontent.com/PokeAPI/sprites/master/sprites/pokemon/650.png'),
(3578, 'Boguérisse', 'Vert', 651, 'https://raw.githubusercontent.com/PokeAPI/sprites/master/sprites/pokemon/651.png'),
(3579, 'Blindépique', 'Vert', 652, 'https://raw.githubusercontent.com/PokeAPI/sprites/master/sprites/pokemon/652.png'),
(3580, 'Feunnec', 'Rouge', 653, 'https://raw.githubusercontent.com/PokeAPI/sprites/master/sprites/pokemon/653.png'),
(3581, 'Roussil', 'Rouge', 654, 'https://raw.githubusercontent.com/PokeAPI/sprites/master/sprites/pokemon/654.png'),
(3582, 'Goupelin', 'Rouge', 655, 'https://raw.githubusercontent.com/PokeAPI/sprites/master/sprites/pokemon/655.png'),
(3583, 'Grenousse', 'Bleu', 656, 'https://raw.githubusercontent.com/PokeAPI/sprites/master/sprites/pokemon/656.png'),
(3584, 'Croâporal', 'Bleu', 657, 'https://raw.githubusercontent.com/PokeAPI/sprites/master/sprites/pokemon/657.png'),
(3585, 'Amphinobi', 'Bleu', 658, 'https://raw.githubusercontent.com/PokeAPI/sprites/master/sprites/pokemon/658.png'),
(3586, 'Sapereau', 'Brun', 659, 'https://raw.githubusercontent.com/PokeAPI/sprites/master/sprites/pokemon/659.png'),
(3587, 'Excavarenne', 'Brun', 660, 'https://raw.githubusercontent.com/PokeAPI/sprites/master/sprites/pokemon/660.png'),
(3588, 'Passerouge', 'Rouge', 661, 'https://raw.githubusercontent.com/PokeAPI/sprites/master/sprites/pokemon/661.png'),
(3589, 'Braisillon', 'Rouge', 662, 'https://raw.githubusercontent.com/PokeAPI/sprites/master/sprites/pokemon/662.png'),
(3590, 'Flambusard', 'Rouge', 663, 'https://raw.githubusercontent.com/PokeAPI/sprites/master/sprites/pokemon/663.png'),
(3591, 'Lépidonille', 'Noir', 664, 'https://raw.githubusercontent.com/PokeAPI/sprites/master/sprites/pokemon/664.png'),
(3592, 'Pérégrain', 'Noir', 665, 'https://raw.githubusercontent.com/PokeAPI/sprites/master/sprites/pokemon/665.png'),
(3593, 'Prismillon', 'Blanc', 666, 'https://raw.githubusercontent.com/PokeAPI/sprites/master/sprites/pokemon/666.png'),
(3594, 'Hélionceau', 'Brun', 667, 'https://raw.githubusercontent.com/PokeAPI/sprites/master/sprites/pokemon/667.png'),
(3595, 'Némélios', 'Brun', 668, 'https://raw.githubusercontent.com/PokeAPI/sprites/master/sprites/pokemon/668.png'),
(3596, 'Flabébé', 'Blanc', 669, 'https://raw.githubusercontent.com/PokeAPI/sprites/master/sprites/pokemon/669.png'),
(3597, 'Floette', 'Blanc', 670, 'https://raw.githubusercontent.com/PokeAPI/sprites/master/sprites/pokemon/670.png'),
(3598, 'Florges', 'Blanc', 671, 'https://raw.githubusercontent.com/PokeAPI/sprites/master/sprites/pokemon/671.png'),
(3599, 'Cabriolaine', 'Brun', 672, 'https://raw.githubusercontent.com/PokeAPI/sprites/master/sprites/pokemon/672.png'),
(3600, 'Chevroum', 'Brun', 673, 'https://raw.githubusercontent.com/PokeAPI/sprites/master/sprites/pokemon/673.png'),
(3601, 'Pandespiègle', 'Blanc', 674, 'https://raw.githubusercontent.com/PokeAPI/sprites/master/sprites/pokemon/674.png'),
(3602, 'Pandarbare', 'Blanc', 675, 'https://raw.githubusercontent.com/PokeAPI/sprites/master/sprites/pokemon/675.png'),
(3603, 'Couafarel', 'Blanc', 676, 'https://raw.githubusercontent.com/PokeAPI/sprites/master/sprites/pokemon/676.png'),
(3604, 'Psystigri', 'Gris', 677, 'https://raw.githubusercontent.com/PokeAPI/sprites/master/sprites/pokemon/677.png'),
(3605, 'Mistigrix', 'Bleu', 678, 'https://raw.githubusercontent.com/PokeAPI/sprites/master/sprites/pokemon/678.png'),
(3606, 'Monorpale', 'Brun', 679, 'https://raw.githubusercontent.com/PokeAPI/sprites/master/sprites/pokemon/679.png'),
(3607, 'Dimoclès', 'Brun', 680, 'https://raw.githubusercontent.com/PokeAPI/sprites/master/sprites/pokemon/680.png'),
(3608, 'Exagide', 'Brun', 681, 'https://raw.githubusercontent.com/PokeAPI/sprites/master/sprites/pokemon/681.png'),
(3609, 'Fluvetin', 'Rose', 682, 'https://raw.githubusercontent.com/PokeAPI/sprites/master/sprites/pokemon/682.png'),
(3610, 'Cocotine', 'Rose', 683, 'https://raw.githubusercontent.com/PokeAPI/sprites/master/sprites/pokemon/683.png'),
(3611, 'Sucroquin', 'Blanc', 684, 'https://raw.githubusercontent.com/PokeAPI/sprites/master/sprites/pokemon/684.png'),
(3612, 'Cupcanaille', 'Blanc', 685, 'https://raw.githubusercontent.com/PokeAPI/sprites/master/sprites/pokemon/685.png'),
(3613, 'Sepiatop', 'Bleu', 686, 'https://raw.githubusercontent.com/PokeAPI/sprites/master/sprites/pokemon/686.png'),
(3614, 'Sepiatroce', 'Bleu', 687, 'https://raw.githubusercontent.com/PokeAPI/sprites/master/sprites/pokemon/687.png'),
(3615, 'Opermine', 'Brun', 688, 'https://raw.githubusercontent.com/PokeAPI/sprites/master/sprites/pokemon/688.png'),
(3616, 'Golgopathe', 'Brun', 689, 'https://raw.githubusercontent.com/PokeAPI/sprites/master/sprites/pokemon/689.png'),
(3617, 'Venalgue', 'Brun', 690, 'https://raw.githubusercontent.com/PokeAPI/sprites/master/sprites/pokemon/690.png'),
(3618, 'Kravarech', 'Brun', 691, 'https://raw.githubusercontent.com/PokeAPI/sprites/master/sprites/pokemon/691.png'),
(3619, 'Flingouste', 'Bleu', 692, 'https://raw.githubusercontent.com/PokeAPI/sprites/master/sprites/pokemon/692.png'),
(3620, 'Gamblast', 'Bleu', 693, 'https://raw.githubusercontent.com/PokeAPI/sprites/master/sprites/pokemon/693.png'),
(3621, 'Galvaran', 'Jaune', 694, 'https://raw.githubusercontent.com/PokeAPI/sprites/master/sprites/pokemon/694.png'),
(3622, 'Iguolta', 'Jaune', 695, 'https://raw.githubusercontent.com/PokeAPI/sprites/master/sprites/pokemon/695.png'),
(3623, 'Ptyranidur', 'Brun', 696, 'https://raw.githubusercontent.com/PokeAPI/sprites/master/sprites/pokemon/696.png'),
(3624, 'Rexillius', 'Rouge', 697, 'https://raw.githubusercontent.com/PokeAPI/sprites/master/sprites/pokemon/697.png'),
(3625, 'Amagara', 'Bleu', 698, 'https://raw.githubusercontent.com/PokeAPI/sprites/master/sprites/pokemon/698.png'),
(3626, 'Dragmara', 'Bleu', 699, 'https://raw.githubusercontent.com/PokeAPI/sprites/master/sprites/pokemon/699.png'),
(3627, 'Nymphali', 'Rose', 700, 'https://raw.githubusercontent.com/PokeAPI/sprites/master/sprites/pokemon/700.png'),
(3628, 'Brutalibré', 'Vert', 701, 'https://raw.githubusercontent.com/PokeAPI/sprites/master/sprites/pokemon/701.png'),
(3629, 'Dedenne', 'Jaune', 702, 'https://raw.githubusercontent.com/PokeAPI/sprites/master/sprites/pokemon/702.png'),
(3630, 'Strassie', 'Gris', 703, 'https://raw.githubusercontent.com/PokeAPI/sprites/master/sprites/pokemon/703.png'),
(3631, 'Mucuscule', 'Violet', 704, 'https://raw.githubusercontent.com/PokeAPI/sprites/master/sprites/pokemon/704.png'),
(3632, 'Colimucus', 'Violet', 705, 'https://raw.githubusercontent.com/PokeAPI/sprites/master/sprites/pokemon/705.png'),
(3633, 'Muplodocus', 'Violet', 706, 'https://raw.githubusercontent.com/PokeAPI/sprites/master/sprites/pokemon/706.png'),
(3634, 'Trousselin', 'Gris', 707, 'https://raw.githubusercontent.com/PokeAPI/sprites/master/sprites/pokemon/707.png'),
(3635, 'Brocélôme', 'Brun', 708, 'https://raw.githubusercontent.com/PokeAPI/sprites/master/sprites/pokemon/708.png'),
(3636, 'Desséliande', 'Brun', 709, 'https://raw.githubusercontent.com/PokeAPI/sprites/master/sprites/pokemon/709.png'),
(3637, 'Pitrouille', 'Brun', 710, 'https://raw.githubusercontent.com/PokeAPI/sprites/master/sprites/pokemon/710.png'),
(3638, 'Banshitrouye', 'Brun', 711, 'https://raw.githubusercontent.com/PokeAPI/sprites/master/sprites/pokemon/711.png'),
(3639, 'Grelaçon', 'Bleu', 712, 'https://raw.githubusercontent.com/PokeAPI/sprites/master/sprites/pokemon/712.png'),
(3640, 'Séracrawl', 'Bleu', 713, 'https://raw.githubusercontent.com/PokeAPI/sprites/master/sprites/pokemon/713.png'),
(3641, 'Sonistrelle', 'Violet', 714, 'https://raw.githubusercontent.com/PokeAPI/sprites/master/sprites/pokemon/714.png'),
(3642, 'Bruyverne', 'Violet', 715, 'https://raw.githubusercontent.com/PokeAPI/sprites/master/sprites/pokemon/715.png'),
(3643, 'Xerneas', 'Bleu', 716, 'https://raw.githubusercontent.com/PokeAPI/sprites/master/sprites/pokemon/716.png'),
(3644, 'Yveltal', 'Rouge', 717, 'https://raw.githubusercontent.com/PokeAPI/sprites/master/sprites/pokemon/717.png'),
(3645, 'Zygarde', 'Vert', 718, 'https://raw.githubusercontent.com/PokeAPI/sprites/master/sprites/pokemon/718.png'),
(3646, 'Diancie', 'Rose', 719, 'https://raw.githubusercontent.com/PokeAPI/sprites/master/sprites/pokemon/719.png'),
(3647, 'Hoopa', 'Violet', 720, 'https://raw.githubusercontent.com/PokeAPI/sprites/master/sprites/pokemon/720.png'),
(3648, 'Volcanion', 'Brun', 721, 'https://raw.githubusercontent.com/PokeAPI/sprites/master/sprites/pokemon/721.png'),
(3649, 'Brindibou', 'Brun', 722, 'https://raw.githubusercontent.com/PokeAPI/sprites/master/sprites/pokemon/722.png'),
(3650, 'Efflèche', 'Brun', 723, 'https://raw.githubusercontent.com/PokeAPI/sprites/master/sprites/pokemon/723.png'),
(3651, 'Archéduc', 'Brun', 724, 'https://raw.githubusercontent.com/PokeAPI/sprites/master/sprites/pokemon/724.png'),
(3652, 'Flamiaou', 'Rouge', 725, 'https://raw.githubusercontent.com/PokeAPI/sprites/master/sprites/pokemon/725.png'),
(3653, 'Matoufeu', 'Rouge', 726, 'https://raw.githubusercontent.com/PokeAPI/sprites/master/sprites/pokemon/726.png'),
(3654, 'Félinferno', 'Rouge', 727, 'https://raw.githubusercontent.com/PokeAPI/sprites/master/sprites/pokemon/727.png'),
(3655, 'Otaquin', 'Bleu', 728, 'https://raw.githubusercontent.com/PokeAPI/sprites/master/sprites/pokemon/728.png'),
(3656, 'Otarlette', 'Bleu', 729, 'https://raw.githubusercontent.com/PokeAPI/sprites/master/sprites/pokemon/729.png'),
(3657, 'Oratoria', 'Bleu', 730, 'https://raw.githubusercontent.com/PokeAPI/sprites/master/sprites/pokemon/730.png'),
(3658, 'Picassaut', 'Noir', 731, 'https://raw.githubusercontent.com/PokeAPI/sprites/master/sprites/pokemon/731.png'),
(3659, 'Piclairon', 'Noir', 732, 'https://raw.githubusercontent.com/PokeAPI/sprites/master/sprites/pokemon/732.png'),
(3660, 'Bazoucan', 'Noir', 733, 'https://raw.githubusercontent.com/PokeAPI/sprites/master/sprites/pokemon/733.png'),
(3661, 'Manglouton', 'Brun', 734, 'https://raw.githubusercontent.com/PokeAPI/sprites/master/sprites/pokemon/734.png'),
(3662, 'Argouste', 'Brun', 735, 'https://raw.githubusercontent.com/PokeAPI/sprites/master/sprites/pokemon/735.png'),
(3663, 'Larvibule', 'Gris', 736, 'https://raw.githubusercontent.com/PokeAPI/sprites/master/sprites/pokemon/736.png'),
(3664, 'Chrysapile', 'Vert', 737, 'https://raw.githubusercontent.com/PokeAPI/sprites/master/sprites/pokemon/737.png'),
(3665, 'Lucanon', 'Bleu', 738, 'https://raw.githubusercontent.com/PokeAPI/sprites/master/sprites/pokemon/738.png'),
(3666, 'Crabagarre', 'Violet', 739, 'https://raw.githubusercontent.com/PokeAPI/sprites/master/sprites/pokemon/739.png'),
(3667, 'Crabominable', 'Blanc', 740, 'https://raw.githubusercontent.com/PokeAPI/sprites/master/sprites/pokemon/740.png'),
(3668, 'Plumeline', 'Rouge', 741, 'https://raw.githubusercontent.com/PokeAPI/sprites/master/sprites/pokemon/741.png'),
(3669, 'Bombydou', 'Jaune', 742, 'https://raw.githubusercontent.com/PokeAPI/sprites/master/sprites/pokemon/742.png'),
(3670, 'Rubombelle', 'Jaune', 743, 'https://raw.githubusercontent.com/PokeAPI/sprites/master/sprites/pokemon/743.png'),
(3671, 'Rocabot', 'Brun', 744, 'https://raw.githubusercontent.com/PokeAPI/sprites/master/sprites/pokemon/744.png'),
(3672, 'Lougaroc', 'Brun', 745, 'https://raw.githubusercontent.com/PokeAPI/sprites/master/sprites/pokemon/745.png'),
(3673, 'Froussardine', 'Bleu', 746, 'https://raw.githubusercontent.com/PokeAPI/sprites/master/sprites/pokemon/746.png'),
(3674, 'Vorastérie', 'Bleu', 747, 'https://raw.githubusercontent.com/PokeAPI/sprites/master/sprites/pokemon/747.png'),
(3675, 'Prédastérie', 'Bleu', 748, 'https://raw.githubusercontent.com/PokeAPI/sprites/master/sprites/pokemon/748.png'),
(3676, 'Tiboudet', 'Brun', 749, 'https://raw.githubusercontent.com/PokeAPI/sprites/master/sprites/pokemon/749.png'),
(3677, 'Bourrinos', 'Brun', 750, 'https://raw.githubusercontent.com/PokeAPI/sprites/master/sprites/pokemon/750.png'),
(3678, 'Araqua', 'Vert', 751, 'https://raw.githubusercontent.com/PokeAPI/sprites/master/sprites/pokemon/751.png'),
(3679, 'Tarenbulle', 'Vert', 752, 'https://raw.githubusercontent.com/PokeAPI/sprites/master/sprites/pokemon/752.png'),
(3680, 'Mimantis', 'Rose', 753, 'https://raw.githubusercontent.com/PokeAPI/sprites/master/sprites/pokemon/753.png'),
(3681, 'Floramantis', 'Rose', 754, 'https://raw.githubusercontent.com/PokeAPI/sprites/master/sprites/pokemon/754.png'),
(3682, 'Spododo', 'Violet', 755, 'https://raw.githubusercontent.com/PokeAPI/sprites/master/sprites/pokemon/755.png'),
(3683, 'Lampignon', 'Violet', 756, 'https://raw.githubusercontent.com/PokeAPI/sprites/master/sprites/pokemon/756.png'),
(3684, 'Tritox', 'Noir', 757, 'https://raw.githubusercontent.com/PokeAPI/sprites/master/sprites/pokemon/757.png'),
(3685, 'Malamandre', 'Noir', 758, 'https://raw.githubusercontent.com/PokeAPI/sprites/master/sprites/pokemon/758.png'),
(3686, 'Nounourson', 'Rose', 759, 'https://raw.githubusercontent.com/PokeAPI/sprites/master/sprites/pokemon/759.png'),
(3687, 'Chelours', 'Rose', 760, 'https://raw.githubusercontent.com/PokeAPI/sprites/master/sprites/pokemon/760.png'),
(3688, 'Croquine', 'Violet', 761, 'https://raw.githubusercontent.com/PokeAPI/sprites/master/sprites/pokemon/761.png'),
(3689, 'Candine', 'Violet', 762, 'https://raw.githubusercontent.com/PokeAPI/sprites/master/sprites/pokemon/762.png'),
(3690, 'Sucreine', 'Violet', 763, 'https://raw.githubusercontent.com/PokeAPI/sprites/master/sprites/pokemon/763.png'),
(3691, 'Guérilande', 'Vert', 764, 'https://raw.githubusercontent.com/PokeAPI/sprites/master/sprites/pokemon/764.png'),
(3692, 'Gouroutan', 'Blanc', 765, 'https://raw.githubusercontent.com/PokeAPI/sprites/master/sprites/pokemon/765.png'),
(3693, 'Quartermac', 'Blanc', 766, 'https://raw.githubusercontent.com/PokeAPI/sprites/master/sprites/pokemon/766.png'),
(3694, 'Sovkipou', 'Gris', 767, 'https://raw.githubusercontent.com/PokeAPI/sprites/master/sprites/pokemon/767.png'),
(3695, 'Sarmuraï', 'Gris', 768, 'https://raw.githubusercontent.com/PokeAPI/sprites/master/sprites/pokemon/768.png'),
(3696, 'Bacabouh', 'Brun', 769, 'https://raw.githubusercontent.com/PokeAPI/sprites/master/sprites/pokemon/769.png'),
(3697, 'Trépassable', 'Brun', 770, 'https://raw.githubusercontent.com/PokeAPI/sprites/master/sprites/pokemon/770.png'),
(3698, 'Concombaffe', 'Noir', 771, 'https://raw.githubusercontent.com/PokeAPI/sprites/master/sprites/pokemon/771.png'),
(3699, 'Type:0', 'Gris', 772, 'https://raw.githubusercontent.com/PokeAPI/sprites/master/sprites/pokemon/772.png'),
(3700, 'Silvallié', 'Gris', 773, 'https://raw.githubusercontent.com/PokeAPI/sprites/master/sprites/pokemon/773.png'),
(3701, 'Météno', 'Brun', 774, 'https://raw.githubusercontent.com/PokeAPI/sprites/master/sprites/pokemon/774.png'),
(3702, 'Dodoala', 'Bleu', 775, 'https://raw.githubusercontent.com/PokeAPI/sprites/master/sprites/pokemon/775.png'),
(3703, 'Boumata', 'Rouge', 776, 'https://raw.githubusercontent.com/PokeAPI/sprites/master/sprites/pokemon/776.png'),
(3704, 'Togedemaru', 'Gris', 777, 'https://raw.githubusercontent.com/PokeAPI/sprites/master/sprites/pokemon/777.png'),
(3705, 'Mimiqui', 'Jaune', 778, 'https://raw.githubusercontent.com/PokeAPI/sprites/master/sprites/pokemon/778.png'),
(3706, 'Denticrisse', 'Rose', 779, 'https://raw.githubusercontent.com/PokeAPI/sprites/master/sprites/pokemon/779.png'),
(3707, 'Draïeul', 'Blanc', 780, 'https://raw.githubusercontent.com/PokeAPI/sprites/master/sprites/pokemon/780.png'),
(3708, 'Sinistrail', 'Vert', 781, 'https://raw.githubusercontent.com/PokeAPI/sprites/master/sprites/pokemon/781.png'),
(3709, 'Bébécaille', 'Gris', 782, 'https://raw.githubusercontent.com/PokeAPI/sprites/master/sprites/pokemon/782.png'),
(3710, 'Écaïd', 'Gris', 783, 'https://raw.githubusercontent.com/PokeAPI/sprites/master/sprites/pokemon/783.png'),
(3711, 'Ékaïser', 'Gris', 784, 'https://raw.githubusercontent.com/PokeAPI/sprites/master/sprites/pokemon/784.png'),
(3712, 'Tokorico', 'Jaune', 785, 'https://raw.githubusercontent.com/PokeAPI/sprites/master/sprites/pokemon/785.png'),
(3713, 'Tokopiyon', 'Rose', 786, 'https://raw.githubusercontent.com/PokeAPI/sprites/master/sprites/pokemon/786.png'),
(3714, 'Tokotoro', 'Rouge', 787, 'https://raw.githubusercontent.com/PokeAPI/sprites/master/sprites/pokemon/787.png'),
(3715, 'Tokopisco', 'Violet', 788, 'https://raw.githubusercontent.com/PokeAPI/sprites/master/sprites/pokemon/788.png'),
(3716, 'Cosmog', 'Bleu', 789, 'https://raw.githubusercontent.com/PokeAPI/sprites/master/sprites/pokemon/789.png'),
(3717, 'Cosmovum', 'Bleu', 790, 'https://raw.githubusercontent.com/PokeAPI/sprites/master/sprites/pokemon/790.png'),
(3718, 'Solgaleo', 'Blanc', 791, 'https://raw.githubusercontent.com/PokeAPI/sprites/master/sprites/pokemon/791.png'),
(3719, 'Lunala', 'Violet', 792, 'https://raw.githubusercontent.com/PokeAPI/sprites/master/sprites/pokemon/792.png'),
(3720, 'Zéroïd', 'Blanc', 793, 'https://raw.githubusercontent.com/PokeAPI/sprites/master/sprites/pokemon/793.png'),
(3721, 'Mouscoto', 'Rouge', 794, 'https://raw.githubusercontent.com/PokeAPI/sprites/master/sprites/pokemon/794.png'),
(3722, 'Cancrelove', 'Blanc', 795, 'https://raw.githubusercontent.com/PokeAPI/sprites/master/sprites/pokemon/795.png'),
(3723, 'Câblifère', 'Noir', 796, 'https://raw.githubusercontent.com/PokeAPI/sprites/master/sprites/pokemon/796.png'),
(3724, 'Bamboiselle', 'Vert', 797, 'https://raw.githubusercontent.com/PokeAPI/sprites/master/sprites/pokemon/797.png'),
(3725, 'Katagami', 'Blanc', 798, 'https://raw.githubusercontent.com/PokeAPI/sprites/master/sprites/pokemon/798.png'),
(3726, 'Engloutyran', 'Noir', 799, 'https://raw.githubusercontent.com/PokeAPI/sprites/master/sprites/pokemon/799.png'),
(3727, 'Magearna', 'Gris', 801, 'https://raw.githubusercontent.com/PokeAPI/sprites/master/sprites/pokemon/801.png'),
(3728, 'Marshadow', 'Gris', 802, 'https://raw.githubusercontent.com/PokeAPI/sprites/master/sprites/pokemon/802.png'),
(3729, 'Vémini', 'Violet', 803, 'https://raw.githubusercontent.com/PokeAPI/sprites/master/sprites/pokemon/803.png'),
(3730, 'Mandrillon', 'Violet', 804, 'https://raw.githubusercontent.com/PokeAPI/sprites/master/sprites/pokemon/804.png'),
(3731, 'Ama-Ama', 'Gris', 805, 'https://raw.githubusercontent.com/PokeAPI/sprites/master/sprites/pokemon/805.png'),
(3732, 'Pierroteknik', 'Blanc', 806, 'https://raw.githubusercontent.com/PokeAPI/sprites/master/sprites/pokemon/806.png'),
(3733, 'Zeraora', 'Jaune', 807, 'https://raw.githubusercontent.com/PokeAPI/sprites/master/sprites/pokemon/807.png'),
(3734, 'Necrozma', 'Noir', 800, 'https://raw.githubusercontent.com/PokeAPI/sprites/master/sprites/pokemon/800.png'),
(3735, 'Meltan', 'Gris', 808, 'https://raw.githubusercontent.com/PokeAPI/sprites/master/sprites/pokemon/808.png'),
(3736, 'Melmetal', 'Gris', 809, 'https://raw.githubusercontent.com/PokeAPI/sprites/master/sprites/pokemon/809.png'),
(3737, 'Ouistempo', 'Vert', 810, 'https://raw.githubusercontent.com/PokeAPI/sprites/master/sprites/pokemon/810.png'),
(3738, 'Badabouin', 'Vert', 811, 'https://raw.githubusercontent.com/PokeAPI/sprites/master/sprites/pokemon/811.png'),
(3739, 'Gorythmic', 'Vert', 812, 'https://raw.githubusercontent.com/PokeAPI/sprites/master/sprites/pokemon/812.png'),
(3740, 'Flambino', 'Blanc', 813, 'https://raw.githubusercontent.com/PokeAPI/sprites/master/sprites/pokemon/813.png'),
(3741, 'Lapyro', 'Gris', 814, 'https://raw.githubusercontent.com/PokeAPI/sprites/master/sprites/pokemon/814.png'),
(3742, 'Pyrobut', 'Blanc', 815, 'https://raw.githubusercontent.com/PokeAPI/sprites/master/sprites/pokemon/815.png'),
(3743, 'Larméléon', 'Bleu', 816, 'https://raw.githubusercontent.com/PokeAPI/sprites/master/sprites/pokemon/816.png'),
(3744, 'Arrozard', 'Bleu', 817, 'https://raw.githubusercontent.com/PokeAPI/sprites/master/sprites/pokemon/817.png'),
(3745, 'Lézargus', 'Bleu', 818, 'https://raw.githubusercontent.com/PokeAPI/sprites/master/sprites/pokemon/818.png'),
(3746, 'Rongourmand', 'Brun', 819, 'https://raw.githubusercontent.com/PokeAPI/sprites/master/sprites/pokemon/819.png'),
(3747, 'Rongrigou', 'Brun', 820, 'https://raw.githubusercontent.com/PokeAPI/sprites/master/sprites/pokemon/820.png'),
(3748, 'Minisange', 'Bleu', 821, 'https://raw.githubusercontent.com/PokeAPI/sprites/master/sprites/pokemon/821.png'),
(3749, 'Bleuseille', 'Bleu', 822, 'https://raw.githubusercontent.com/PokeAPI/sprites/master/sprites/pokemon/822.png'),
(3750, 'Corvaillus', 'Violet', 823, 'https://raw.githubusercontent.com/PokeAPI/sprites/master/sprites/pokemon/823.png'),
(3751, 'Larvadar', 'Bleu', 824, 'https://raw.githubusercontent.com/PokeAPI/sprites/master/sprites/pokemon/824.png'),
(3752, 'Coléodôme', 'Jaune', 825, 'https://raw.githubusercontent.com/PokeAPI/sprites/master/sprites/pokemon/825.png'),
(3753, 'Astronelle', 'Rouge', 826, 'https://raw.githubusercontent.com/PokeAPI/sprites/master/sprites/pokemon/826.png'),
(3754, 'Goupilou', 'Brun', 827, 'https://raw.githubusercontent.com/PokeAPI/sprites/master/sprites/pokemon/827.png'),
(3755, 'Roublenard', 'Brun', 828, 'https://raw.githubusercontent.com/PokeAPI/sprites/master/sprites/pokemon/828.png'),
(3756, 'Tournicoton', 'Vert', 829, 'https://raw.githubusercontent.com/PokeAPI/sprites/master/sprites/pokemon/829.png'),
(3757, 'Blancoton', 'Vert', 830, 'https://raw.githubusercontent.com/PokeAPI/sprites/master/sprites/pokemon/830.png'),
(3758, 'Moumouton', 'Blanc', 831, 'https://raw.githubusercontent.com/PokeAPI/sprites/master/sprites/pokemon/831.png'),
(3759, 'Moumouflon', 'Blanc', 832, 'https://raw.githubusercontent.com/PokeAPI/sprites/master/sprites/pokemon/832.png'),
(3760, 'Khélocrok', 'Vert', 833, 'https://raw.githubusercontent.com/PokeAPI/sprites/master/sprites/pokemon/833.png'),
(3761, 'Torgamord', 'Vert', 834, 'https://raw.githubusercontent.com/PokeAPI/sprites/master/sprites/pokemon/834.png'),
(3762, 'Voltoutou', 'Jaune', 835, 'https://raw.githubusercontent.com/PokeAPI/sprites/master/sprites/pokemon/835.png'),
(3763, 'Fulgudog', 'Jaune', 836, 'https://raw.githubusercontent.com/PokeAPI/sprites/master/sprites/pokemon/836.png'),
(3764, 'Charbi', 'Noir', 837, 'https://raw.githubusercontent.com/PokeAPI/sprites/master/sprites/pokemon/837.png'),
(3765, 'Wagomine', 'Noir', 838, 'https://raw.githubusercontent.com/PokeAPI/sprites/master/sprites/pokemon/838.png'),
(3766, 'Monthracite', 'Noir', 839, 'https://raw.githubusercontent.com/PokeAPI/sprites/master/sprites/pokemon/839.png'),
(3767, 'Verpom', 'Vert', 840, 'https://raw.githubusercontent.com/PokeAPI/sprites/master/sprites/pokemon/840.png'),
(3768, 'Pomdrapi', 'Vert', 841, 'https://raw.githubusercontent.com/PokeAPI/sprites/master/sprites/pokemon/841.png'),
(3769, 'Dratatin', 'Vert', 842, 'https://raw.githubusercontent.com/PokeAPI/sprites/master/sprites/pokemon/842.png'),
(3770, 'Dunaja', 'Vert', 843, 'https://raw.githubusercontent.com/PokeAPI/sprites/master/sprites/pokemon/843.png'),
(3771, 'Dunaconda', 'Vert', 844, 'https://raw.githubusercontent.com/PokeAPI/sprites/master/sprites/pokemon/844.png'),
(3772, 'Nigosier', 'Bleu', 845, 'https://raw.githubusercontent.com/PokeAPI/sprites/master/sprites/pokemon/845.png'),
(3773, 'Embrochet', 'Brun', 846, 'https://raw.githubusercontent.com/PokeAPI/sprites/master/sprites/pokemon/846.png'),
(3774, 'Hastacuda', 'Brun', 847, 'https://raw.githubusercontent.com/PokeAPI/sprites/master/sprites/pokemon/847.png'),
(3775, 'Toxizap', 'Violet', 848, 'https://raw.githubusercontent.com/PokeAPI/sprites/master/sprites/pokemon/848.png'),
(3776, 'Salarsen', 'Violet', 849, 'https://raw.githubusercontent.com/PokeAPI/sprites/master/sprites/pokemon/849.png'),
(3777, 'Grillepattes', 'Rouge', 850, 'https://raw.githubusercontent.com/PokeAPI/sprites/master/sprites/pokemon/850.png'),
(3778, 'Scolocendre', 'Rouge', 851, 'https://raw.githubusercontent.com/PokeAPI/sprites/master/sprites/pokemon/851.png'),
(3779, 'Poulpaf', 'Brun', 852, 'https://raw.githubusercontent.com/PokeAPI/sprites/master/sprites/pokemon/852.png'),
(3780, 'Krakos', 'Bleu', 853, 'https://raw.githubusercontent.com/PokeAPI/sprites/master/sprites/pokemon/853.png'),
(3781, 'Théffroi', 'Violet', 854, 'https://raw.githubusercontent.com/PokeAPI/sprites/master/sprites/pokemon/854.png'),
(3782, 'Polthégeist', 'Violet', 855, 'https://raw.githubusercontent.com/PokeAPI/sprites/master/sprites/pokemon/855.png'),
(3783, 'Bibichut', 'Rose', 856, 'https://raw.githubusercontent.com/PokeAPI/sprites/master/sprites/pokemon/856.png'),
(3784, 'Chapotus', 'Rose', 857, 'https://raw.githubusercontent.com/PokeAPI/sprites/master/sprites/pokemon/857.png'),
(3785, 'Sorcilence', 'Rose', 858, 'https://raw.githubusercontent.com/PokeAPI/sprites/master/sprites/pokemon/858.png'),
(3786, 'Grimalin', 'Rose', 859, 'https://raw.githubusercontent.com/PokeAPI/sprites/master/sprites/pokemon/859.png'),
(3787, 'Fourbelin', 'Rose', 860, 'https://raw.githubusercontent.com/PokeAPI/sprites/master/sprites/pokemon/860.png'),
(3788, 'Angoliath', 'Violet', 861, 'https://raw.githubusercontent.com/PokeAPI/sprites/master/sprites/pokemon/861.png'),
(3789, 'Ixon', 'Gris', 862, 'https://raw.githubusercontent.com/PokeAPI/sprites/master/sprites/pokemon/862.png'),
(3790, 'Berserkatt', 'Brun', 863, 'https://raw.githubusercontent.com/PokeAPI/sprites/master/sprites/pokemon/863.png'),
(3791, 'Corayôme', 'Blanc', 864, 'https://raw.githubusercontent.com/PokeAPI/sprites/master/sprites/pokemon/864.png'),
(3792, 'Palarticho', 'Blanc', 865, 'https://raw.githubusercontent.com/PokeAPI/sprites/master/sprites/pokemon/865.png');
INSERT INTO `pokemon` (`id`, `name`, `color`, `api_id`, `image`) VALUES
(3793, 'M. Glaquette', 'Violet', 866, 'https://raw.githubusercontent.com/PokeAPI/sprites/master/sprites/pokemon/866.png'),
(3794, 'Tutétékri', 'Gris', 867, 'https://raw.githubusercontent.com/PokeAPI/sprites/master/sprites/pokemon/867.png'),
(3795, 'Crèmy', 'Blanc', 868, 'https://raw.githubusercontent.com/PokeAPI/sprites/master/sprites/pokemon/868.png'),
(3796, 'Charmilly', 'Blanc', 869, 'https://raw.githubusercontent.com/PokeAPI/sprites/master/sprites/pokemon/869.png'),
(3797, 'Hexadron', 'Jaune', 870, 'https://raw.githubusercontent.com/PokeAPI/sprites/master/sprites/pokemon/870.png'),
(3798, 'Wattapik', 'Violet', 871, 'https://raw.githubusercontent.com/PokeAPI/sprites/master/sprites/pokemon/871.png'),
(3799, 'Frissonille', 'Blanc', 872, 'https://raw.githubusercontent.com/PokeAPI/sprites/master/sprites/pokemon/872.png'),
(3800, 'Beldeneige', 'Blanc', 873, 'https://raw.githubusercontent.com/PokeAPI/sprites/master/sprites/pokemon/873.png'),
(3801, 'Dolman', 'Gris', 874, 'https://raw.githubusercontent.com/PokeAPI/sprites/master/sprites/pokemon/874.png'),
(3802, 'Bekaglaçon', 'Bleu', 875, 'https://raw.githubusercontent.com/PokeAPI/sprites/master/sprites/pokemon/875.png'),
(3803, 'Wimessir', 'Violet', 876, 'https://raw.githubusercontent.com/PokeAPI/sprites/master/sprites/pokemon/876.png'),
(3804, 'Morpeko', 'Jaune', 877, 'https://raw.githubusercontent.com/PokeAPI/sprites/master/sprites/pokemon/877.png'),
(3805, 'Charibari', 'Jaune', 878, 'https://raw.githubusercontent.com/PokeAPI/sprites/master/sprites/pokemon/878.png'),
(3806, 'Pachyradjah', 'Vert', 879, 'https://raw.githubusercontent.com/PokeAPI/sprites/master/sprites/pokemon/879.png'),
(3807, 'Galvagon', 'Vert', 880, 'https://raw.githubusercontent.com/PokeAPI/sprites/master/sprites/pokemon/880.png'),
(3808, 'Galvagla', 'Bleu', 881, 'https://raw.githubusercontent.com/PokeAPI/sprites/master/sprites/pokemon/881.png'),
(3809, 'Hydragon', 'Vert', 882, 'https://raw.githubusercontent.com/PokeAPI/sprites/master/sprites/pokemon/882.png'),
(3810, 'Hydragla', 'Bleu', 883, 'https://raw.githubusercontent.com/PokeAPI/sprites/master/sprites/pokemon/883.png'),
(3811, 'Duralugon', 'Blanc', 884, 'https://raw.githubusercontent.com/PokeAPI/sprites/master/sprites/pokemon/884.png'),
(3812, 'Fantyrm', 'Vert', 885, 'https://raw.githubusercontent.com/PokeAPI/sprites/master/sprites/pokemon/885.png'),
(3813, 'Dispareptil', 'Vert', 886, 'https://raw.githubusercontent.com/PokeAPI/sprites/master/sprites/pokemon/886.png'),
(3814, 'Lanssorien', 'Vert', 887, 'https://raw.githubusercontent.com/PokeAPI/sprites/master/sprites/pokemon/887.png'),
(3815, 'Zacian', 'Bleu', 888, 'https://raw.githubusercontent.com/PokeAPI/sprites/master/sprites/pokemon/888.png'),
(3816, 'Zamazenta', 'Rouge', 889, 'https://raw.githubusercontent.com/PokeAPI/sprites/master/sprites/pokemon/889.png'),
(3817, 'Éthernatos', 'Violet', 890, 'https://raw.githubusercontent.com/PokeAPI/sprites/master/sprites/pokemon/890.png'),
(3818, 'Wushours', 'Gris', 891, 'https://raw.githubusercontent.com/PokeAPI/sprites/master/sprites/pokemon/891.png'),
(3819, 'Shifours', 'Gris', 892, 'https://raw.githubusercontent.com/PokeAPI/sprites/master/sprites/pokemon/892.png'),
(3820, 'Zarude', 'Vert', 893, 'https://raw.githubusercontent.com/PokeAPI/sprites/master/sprites/pokemon/893.png'),
(3821, 'Regieleki', 'Jaune', 894, 'https://raw.githubusercontent.com/PokeAPI/sprites/master/sprites/pokemon/894.png'),
(3822, 'Regidrago', 'Vert', 895, 'https://raw.githubusercontent.com/PokeAPI/sprites/master/sprites/pokemon/895.png'),
(3823, 'Blizzeval', 'Blanc', 896, NULL),
(3824, 'Spectreval', 'Noir', 897, NULL),
(3825, 'Sylveroy', 'Vert', 898, 'https://raw.githubusercontent.com/PokeAPI/sprites/master/sprites/pokemon/898.png');

-- --------------------------------------------------------

--
-- Structure de la table `tournament`
--

CREATE TABLE `tournament` (
  `id` int(11) NOT NULL,
  `name` varchar(255) COLLATE utf8mb4_unicode_ci NOT NULL,
  `date` datetime DEFAULT NULL,
  `number_pokemons` int(11) NOT NULL
) ENGINE=InnoDB DEFAULT CHARSET=utf8mb4 COLLATE=utf8mb4_unicode_ci;

--
-- Déchargement des données de la table `tournament`
--

INSERT INTO `tournament` (`id`, `name`, `date`, `number_pokemons`) VALUES
(8, 'test', '2020-12-01 11:35:00', 8),
(9, 'Test du mardi', '2020-12-01 14:45:44', 8),
(10, 'test', '2020-12-01 15:46:30', 8),
(13, 'tretrt', '2020-12-01 23:46:52', 8),
(14, 'tournoi du lundi', '2021-02-08 17:02:34', 8),
(15, 'Tournoi du lundi aprem', '2021-02-09 15:36:10', 8),
(16, 'Tournoi du lundi aprem2', '2021-02-09 15:40:01', 8),
(17, 'Tournoi 3 du lundi aprem', '2021-02-09 17:25:38', 8),
(18, 'Tournoi 4 du lundi aprem', '2021-02-09 18:39:31', 8),
(19, 'Tournoi des evoli', '2021-02-09 18:43:08', 8),
(20, 'Tournoi des Evoli', '2021-02-14 15:25:53', 8),
(21, 'Tournoi du lundi', '2021-02-15 11:58:24', 8);

-- --------------------------------------------------------

--
-- Structure de la table `tournaments_pokemons`
--

CREATE TABLE `tournaments_pokemons` (
  `tournament_id` int(11) NOT NULL,
  `pokemon_id` int(11) NOT NULL
) ENGINE=InnoDB DEFAULT CHARSET=utf8mb4 COLLATE=utf8mb4_unicode_ci;

--
-- Déchargement des données de la table `tournaments_pokemons`
--

INSERT INTO `tournaments_pokemons` (`tournament_id`, `pokemon_id`) VALUES
(15, 2481),
(15, 2483),
(15, 2502),
(15, 2517),
(15, 2521),
(15, 3057),
(15, 3494),
(15, 3723),
(16, 2483),
(16, 2557),
(16, 2602),
(16, 3041),
(16, 3116),
(16, 3461),
(16, 3494),
(16, 3529),
(17, 2464),
(17, 2483),
(17, 2523),
(17, 2607),
(17, 2642),
(17, 2685),
(17, 3625),
(17, 3744),
(18, 2464),
(18, 2484),
(18, 2535),
(18, 3580),
(18, 3652),
(18, 3672),
(18, 3689),
(18, 3705),
(19, 2591),
(19, 2592),
(19, 2593),
(19, 2594),
(19, 2654),
(19, 2655),
(19, 3096),
(19, 3627),
(20, 2592),
(20, 2593),
(20, 2594),
(20, 2654),
(20, 2655),
(20, 3095),
(20, 3096),
(20, 3627),
(21, 2483),
(21, 2592),
(21, 2601),
(21, 2685),
(21, 3011),
(21, 3098),
(21, 3438),
(21, 3770);

-- --------------------------------------------------------

--
-- Structure de la table `user`
--

CREATE TABLE `user` (
  `id` int(11) NOT NULL,
  `username` varchar(180) COLLATE utf8mb4_unicode_ci NOT NULL,
  `roles` longtext COLLATE utf8mb4_unicode_ci NOT NULL COMMENT '(DC2Type:json)',
  `password` varchar(255) COLLATE utf8mb4_unicode_ci NOT NULL
) ENGINE=InnoDB DEFAULT CHARSET=utf8mb4 COLLATE=utf8mb4_unicode_ci;

--
-- Déchargement des données de la table `user`
--

INSERT INTO `user` (`id`, `username`, `roles`, `password`) VALUES
(4, 'anthony', '[\"ROLE_ADMIN\"]', '$argon2id$v=19$m=65536,t=4,p=1$o3qrwWucz/VzKK9z1s67/g$NBzgU4gAPlR6mqfMmQzO+X/2llIePkW9CrZvqO8HJG0');

--
-- Index pour les tables déchargées
--

--
-- Index pour la table `doctrine_migration_versions`
--
ALTER TABLE `doctrine_migration_versions`
  ADD PRIMARY KEY (`version`);

--
-- Index pour la table `game`
--
ALTER TABLE `game`
  ADD PRIMARY KEY (`id`),
  ADD KEY `IDX_232B318C5DFCD4B8` (`winner_id`),
  ADD KEY `IDX_232B318C1BCAA5F6` (`loser_id`),
  ADD KEY `IDX_232B318CC0990423` (`player1_id`),
  ADD KEY `IDX_232B318CD22CABCD` (`player2_id`),
  ADD KEY `IDX_232B318C33D1A3E7` (`tournament_id`);

--
-- Index pour la table `pokemon`
--
ALTER TABLE `pokemon`
  ADD PRIMARY KEY (`id`);

--
-- Index pour la table `tournament`
--
ALTER TABLE `tournament`
  ADD PRIMARY KEY (`id`);

--
-- Index pour la table `tournaments_pokemons`
--
ALTER TABLE `tournaments_pokemons`
  ADD PRIMARY KEY (`tournament_id`,`pokemon_id`),
  ADD KEY `IDX_94F9BE1233D1A3E7` (`tournament_id`),
  ADD KEY `IDX_94F9BE122FE71C3E` (`pokemon_id`);

--
-- Index pour la table `user`
--
ALTER TABLE `user`
  ADD PRIMARY KEY (`id`),
  ADD UNIQUE KEY `UNIQ_8D93D649F85E0677` (`username`);

--
-- AUTO_INCREMENT pour les tables déchargées
--

--
-- AUTO_INCREMENT pour la table `game`
--
ALTER TABLE `game`
  MODIFY `id` int(11) NOT NULL AUTO_INCREMENT, AUTO_INCREMENT=73;

--
-- AUTO_INCREMENT pour la table `pokemon`
--
ALTER TABLE `pokemon`
  MODIFY `id` int(11) NOT NULL AUTO_INCREMENT, AUTO_INCREMENT=4008;

--
-- AUTO_INCREMENT pour la table `tournament`
--
ALTER TABLE `tournament`
  MODIFY `id` int(11) NOT NULL AUTO_INCREMENT, AUTO_INCREMENT=22;

--
-- AUTO_INCREMENT pour la table `user`
--
ALTER TABLE `user`
  MODIFY `id` int(11) NOT NULL AUTO_INCREMENT, AUTO_INCREMENT=5;

--
-- Contraintes pour les tables déchargées
--

--
-- Contraintes pour la table `game`
--
ALTER TABLE `game`
  ADD CONSTRAINT `FK_232B318C1BCAA5F6` FOREIGN KEY (`loser_id`) REFERENCES `pokemon` (`id`),
  ADD CONSTRAINT `FK_232B318C33D1A3E7` FOREIGN KEY (`tournament_id`) REFERENCES `tournament` (`id`),
  ADD CONSTRAINT `FK_232B318C5DFCD4B8` FOREIGN KEY (`winner_id`) REFERENCES `pokemon` (`id`),
  ADD CONSTRAINT `FK_232B318CC0990423` FOREIGN KEY (`player1_id`) REFERENCES `pokemon` (`id`),
  ADD CONSTRAINT `FK_232B318CD22CABCD` FOREIGN KEY (`player2_id`) REFERENCES `pokemon` (`id`);

--
-- Contraintes pour la table `tournaments_pokemons`
--
ALTER TABLE `tournaments_pokemons`
  ADD CONSTRAINT `FK_94F9BE122FE71C3E` FOREIGN KEY (`pokemon_id`) REFERENCES `pokemon` (`id`) ON DELETE CASCADE,
  ADD CONSTRAINT `FK_94F9BE1233D1A3E7` FOREIGN KEY (`tournament_id`) REFERENCES `tournament` (`id`) ON DELETE CASCADE;
COMMIT;

/*!40101 SET CHARACTER_SET_CLIENT=@OLD_CHARACTER_SET_CLIENT */;
/*!40101 SET CHARACTER_SET_RESULTS=@OLD_CHARACTER_SET_RESULTS */;
/*!40101 SET COLLATION_CONNECTION=@OLD_COLLATION_CONNECTION */;
