-- phpMyAdmin SQL Dump
-- version 5.0.4
-- https://www.phpmyadmin.net/
--
-- Hôte : localhost
-- Généré le : lun. 05 avr. 2021 à 08:47
-- Version du serveur :  10.3.27-MariaDB-0+deb10u1
-- Version de PHP : 8.0.1

SET SQL_MODE = "NO_AUTO_VALUE_ON_ZERO";
START TRANSACTION;
SET time_zone = "+00:00";


/*!40101 SET @OLD_CHARACTER_SET_CLIENT=@@CHARACTER_SET_CLIENT */;
/*!40101 SET @OLD_CHARACTER_SET_RESULTS=@@CHARACTER_SET_RESULTS */;
/*!40101 SET @OLD_COLLATION_CONNECTION=@@COLLATION_CONNECTION */;
/*!40101 SET NAMES utf8mb4 */;

--
-- Base de données : `poketournament`
--

-- --------------------------------------------------------

--
-- Structure de la table `doctrine_migration_versions`
--

CREATE TABLE `doctrine_migration_versions` (
  `version` varchar(191) COLLATE utf8_unicode_ci NOT NULL,
  `executed_at` datetime DEFAULT NULL,
  `execution_time` int(11) DEFAULT NULL
) ENGINE=InnoDB DEFAULT CHARSET=utf8 COLLATE=utf8_unicode_ci;

--
-- Déchargement des données de la table `doctrine_migration_versions`
--

INSERT INTO `doctrine_migration_versions` (`version`, `executed_at`, `execution_time`) VALUES
('DoctrineMigrations\\Version20201121101709', '2020-11-21 11:17:25', 33),
('DoctrineMigrations\\Version20201121101942', '2020-11-21 11:19:57', 33),
('DoctrineMigrations\\Version20201122133801', '2020-11-23 10:06:16', 125),
('DoctrineMigrations\\Version20201201135852', '2020-12-01 14:59:27', 63),
('DoctrineMigrations\\Version20201201220749', '2020-12-01 23:08:21', 237),
('DoctrineMigrations\\Version20201201221137', '2020-12-01 23:12:15', 79),
('DoctrineMigrations\\Version20201201224555', '2020-12-01 23:46:46', 52),
('DoctrineMigrations\\Version20210209142907', '2021-02-09 15:29:41', 156),
('DoctrineMigrations\\Version20210226063304', '2021-02-26 07:33:25', 22),
('DoctrineMigrations\\Version20210331082635', '2021-03-31 10:27:17', 22),
('DoctrineMigrations\\Version20210402125136', '2021-04-02 14:52:42', 194),
('DoctrineMigrations\\Version20210402141056', '2021-04-02 16:11:12', 11);

-- --------------------------------------------------------

--
-- Structure de la table `game`
--

CREATE TABLE `game` (
  `id` int(11) NOT NULL,
  `winner_id` int(11) DEFAULT NULL,
  `loser_id` int(11) DEFAULT NULL,
  `player1_id` int(11) DEFAULT NULL,
  `player2_id` int(11) DEFAULT NULL,
  `number` int(11) NOT NULL,
  `score_player1` int(11) DEFAULT NULL,
  `score_player2` int(11) DEFAULT NULL,
  `created_at` datetime NOT NULL,
  `updated_at` datetime DEFAULT NULL,
  `tournament_id` int(11) NOT NULL
) ENGINE=InnoDB DEFAULT CHARSET=utf8mb4 COLLATE=utf8mb4_unicode_ci;

--
-- Déchargement des données de la table `game`
--

INSERT INTO `game` (`id`, `winner_id`, `loser_id`, `player1_id`, `player2_id`, `number`, `score_player1`, `score_player2`, `created_at`, `updated_at`, `tournament_id`) VALUES
(1, NULL, NULL, NULL, NULL, 1, NULL, NULL, '2020-12-01 23:46:52', NULL, 13),
(2, NULL, NULL, NULL, NULL, 2, NULL, NULL, '2020-12-01 23:46:52', NULL, 13),
(3, NULL, NULL, NULL, NULL, 3, NULL, NULL, '2020-12-01 23:46:52', NULL, 13),
(4, NULL, NULL, NULL, NULL, 4, NULL, NULL, '2020-12-01 23:46:52', NULL, 13),
(5, NULL, NULL, NULL, NULL, 5, NULL, NULL, '2020-12-01 23:46:52', NULL, 13),
(6, NULL, NULL, NULL, NULL, 6, NULL, NULL, '2020-12-01 23:46:52', NULL, 13),
(7, NULL, NULL, NULL, NULL, 7, NULL, NULL, '2020-12-01 23:46:52', NULL, 13),
(8, NULL, NULL, NULL, NULL, 8, NULL, NULL, '2020-12-01 23:46:52', NULL, 13),
(9, NULL, NULL, 3083, 3744, 1, NULL, NULL, '2021-02-08 17:02:34', NULL, 14),
(10, NULL, NULL, 3749, 2483, 2, NULL, NULL, '2021-02-08 17:02:34', NULL, 14),
(11, NULL, NULL, 2662, 2606, 3, NULL, NULL, '2021-02-08 17:02:34', NULL, 14),
(12, NULL, NULL, 3652, 2604, 4, NULL, NULL, '2021-02-08 17:02:34', NULL, 14),
(13, NULL, NULL, NULL, NULL, 5, NULL, NULL, '2021-02-08 17:02:34', NULL, 14),
(14, NULL, NULL, NULL, NULL, 6, NULL, NULL, '2021-02-08 17:02:34', NULL, 14),
(15, NULL, NULL, NULL, NULL, 7, NULL, NULL, '2021-02-08 17:02:34', NULL, 14),
(16, NULL, NULL, NULL, NULL, 8, NULL, NULL, '2021-02-08 17:02:34', NULL, 14),
(17, NULL, NULL, 2481, 2521, 1, NULL, NULL, '2021-02-09 15:36:10', NULL, 15),
(18, NULL, NULL, 2483, 2502, 2, NULL, NULL, '2021-02-09 15:36:11', NULL, 15),
(19, NULL, NULL, 3723, 3057, 3, NULL, NULL, '2021-02-09 15:36:11', NULL, 15),
(20, NULL, NULL, 2517, 3494, 4, NULL, NULL, '2021-02-09 15:36:11', NULL, 15),
(21, NULL, NULL, NULL, NULL, 5, NULL, NULL, '2021-02-09 15:36:11', NULL, 15),
(22, NULL, NULL, NULL, NULL, 6, NULL, NULL, '2021-02-09 15:36:11', NULL, 15),
(23, NULL, NULL, NULL, NULL, 7, NULL, NULL, '2021-02-09 15:36:11', NULL, 15),
(24, NULL, NULL, NULL, NULL, 8, NULL, NULL, '2021-02-09 15:36:11', NULL, 15),
(25, NULL, NULL, 2483, 2602, 1, NULL, NULL, '2021-02-09 15:40:01', NULL, 16),
(26, NULL, NULL, 3116, 3529, 2, NULL, NULL, '2021-02-09 15:40:01', NULL, 16),
(27, NULL, NULL, 2557, 3041, 3, NULL, NULL, '2021-02-09 15:40:01', NULL, 16),
(28, NULL, NULL, 3494, 3461, 4, NULL, NULL, '2021-02-09 15:40:01', NULL, 16),
(29, NULL, NULL, NULL, NULL, 5, NULL, NULL, '2021-02-09 15:40:01', NULL, 16),
(30, NULL, NULL, NULL, NULL, 6, NULL, NULL, '2021-02-09 15:40:01', NULL, 16),
(31, NULL, NULL, NULL, NULL, 7, NULL, NULL, '2021-02-09 15:40:01', NULL, 16),
(32, NULL, NULL, NULL, NULL, 8, NULL, NULL, '2021-02-09 15:40:01', NULL, 16),
(33, NULL, NULL, 2483, 2642, 1, NULL, NULL, '2021-02-09 17:25:38', NULL, 17),
(34, NULL, NULL, 2523, 3744, 2, NULL, NULL, '2021-02-09 17:25:38', NULL, 17),
(35, NULL, NULL, 2685, 2464, 3, NULL, NULL, '2021-02-09 17:25:38', NULL, 17),
(36, NULL, NULL, 2607, 3625, 4, NULL, NULL, '2021-02-09 17:25:38', NULL, 17),
(37, NULL, NULL, NULL, NULL, 5, NULL, NULL, '2021-02-09 17:25:38', NULL, 17),
(38, NULL, NULL, NULL, NULL, 6, NULL, NULL, '2021-02-09 17:25:38', NULL, 17),
(39, NULL, NULL, NULL, NULL, 7, NULL, NULL, '2021-02-09 17:25:38', NULL, 17),
(40, NULL, NULL, NULL, NULL, 8, NULL, NULL, '2021-02-09 17:25:38', NULL, 17),
(41, NULL, NULL, 2464, 3672, 1, NULL, NULL, '2021-02-09 18:39:31', NULL, 18),
(42, NULL, NULL, 2484, 3652, 2, NULL, NULL, '2021-02-09 18:39:31', NULL, 18),
(43, NULL, NULL, 2535, 3580, 3, NULL, NULL, '2021-02-09 18:39:31', NULL, 18),
(44, NULL, NULL, 3689, 3705, 4, NULL, NULL, '2021-02-09 18:39:31', NULL, 18),
(45, NULL, NULL, NULL, NULL, 5, NULL, NULL, '2021-02-09 18:39:31', NULL, 18),
(46, NULL, NULL, NULL, NULL, 6, NULL, NULL, '2021-02-09 18:39:31', NULL, 18),
(47, NULL, NULL, NULL, NULL, 7, NULL, NULL, '2021-02-09 18:39:31', NULL, 18),
(48, NULL, NULL, NULL, NULL, 8, NULL, NULL, '2021-02-09 18:39:31', NULL, 18),
(49, 3096, 3627, 3096, 3627, 1, 2, 1, '2021-02-09 18:43:08', '2021-02-14 15:17:01', 19),
(50, 2591, 2592, 2591, 2592, 2, 3, 0, '2021-02-09 18:43:08', '2021-02-14 15:22:36', 19),
(51, NULL, NULL, 2655, 2594, 3, NULL, NULL, '2021-02-09 18:43:08', NULL, 19),
(52, NULL, NULL, 2654, 2593, 4, NULL, NULL, '2021-02-09 18:43:08', NULL, 19),
(53, NULL, NULL, 3096, 2591, 5, NULL, NULL, '2021-02-09 18:43:08', '2021-02-14 15:24:04', 19),
(54, NULL, NULL, NULL, NULL, 6, NULL, NULL, '2021-02-09 18:43:08', NULL, 19),
(55, NULL, NULL, NULL, NULL, 7, NULL, NULL, '2021-02-09 18:43:08', NULL, 19),
(56, NULL, NULL, NULL, NULL, 8, NULL, NULL, '2021-02-09 18:43:08', NULL, 19),
(57, 2592, 2593, 2592, 2593, 1, 2, 1, '2021-02-14 15:25:53', '2021-02-14 21:27:53', 20),
(58, 2654, 2594, 2594, 2654, 2, 4, 5, '2021-02-14 15:25:53', '2021-02-15 08:25:44', 20),
(59, 2655, 3095, 2655, 3095, 3, 2, 1, '2021-02-14 15:25:53', '2021-02-15 11:56:32', 20),
(60, 3096, 3627, 3096, 3627, 4, 1, 0, '2021-02-14 15:25:53', '2021-02-15 11:56:39', 20),
(61, 2592, 2654, 2592, 2654, 5, 2, 1, '2021-02-14 15:25:53', '2021-02-15 11:57:29', 20),
(62, 3096, 2655, 2655, 3096, 6, 2, 6, '2021-02-14 15:25:53', '2021-02-15 11:57:29', 20),
(63, 2655, 2654, 2654, 2655, 7, 1, 4, '2021-02-14 15:25:53', '2021-02-15 11:57:29', 20),
(64, 2592, 3096, 2592, 3096, 8, 4, 3, '2021-02-14 15:25:53', '2021-02-15 11:57:29', 20),
(65, 2592, 2483, 2483, 2592, 1, 2, 3, '2021-02-15 11:58:24', '2021-02-15 11:58:48', 21),
(66, 3438, 3770, 3438, 3770, 2, 2, 1, '2021-02-15 11:58:24', '2021-02-25 11:54:45', 21),
(67, 2685, 3011, 3011, 2685, 3, 3, 4, '2021-02-15 11:58:24', '2021-02-26 07:49:42', 21),
(68, NULL, NULL, 3098, 2601, 4, NULL, NULL, '2021-02-15 11:58:24', NULL, 21),
(69, NULL, NULL, 2592, 3438, 5, NULL, NULL, '2021-02-15 11:58:24', '2021-03-17 10:55:40', 21),
(70, NULL, NULL, NULL, NULL, 6, NULL, NULL, '2021-02-15 11:58:24', NULL, 21),
(71, NULL, NULL, NULL, NULL, 7, NULL, NULL, '2021-02-15 11:58:24', NULL, 21),
(72, NULL, NULL, NULL, NULL, 8, NULL, NULL, '2021-02-15 11:58:24', NULL, 21),
(73, NULL, NULL, NULL, NULL, 1, NULL, NULL, '2021-03-02 08:09:53', NULL, 14),
(74, NULL, NULL, NULL, NULL, 2, NULL, NULL, '2021-03-02 08:09:53', NULL, 14),
(75, NULL, NULL, NULL, NULL, 3, NULL, NULL, '2021-03-02 08:09:53', NULL, 14),
(76, NULL, NULL, NULL, NULL, 4, NULL, NULL, '2021-03-02 08:09:53', NULL, 14),
(77, NULL, NULL, NULL, NULL, 5, NULL, NULL, '2021-03-02 08:09:53', NULL, 14),
(78, NULL, NULL, NULL, NULL, 6, NULL, NULL, '2021-03-02 08:09:53', NULL, 14),
(79, NULL, NULL, NULL, NULL, 7, NULL, NULL, '2021-03-02 08:09:53', NULL, 14),
(80, NULL, NULL, NULL, NULL, 8, NULL, NULL, '2021-03-02 08:09:53', NULL, 14),
(81, NULL, NULL, 3666, 3678, 1, NULL, NULL, '2021-03-17 11:13:59', NULL, 23),
(82, NULL, NULL, 3116, 3494, 2, NULL, NULL, '2021-03-17 11:13:59', NULL, 23),
(83, NULL, NULL, 3442, 2606, 3, NULL, NULL, '2021-03-17 11:13:59', NULL, 23),
(84, NULL, NULL, 2483, 2685, 4, NULL, NULL, '2021-03-17 11:13:59', NULL, 23),
(85, NULL, NULL, NULL, NULL, 5, NULL, NULL, '2021-03-17 11:13:59', NULL, 23),
(86, NULL, NULL, NULL, NULL, 6, NULL, NULL, '2021-03-17 11:13:59', NULL, 23),
(87, NULL, NULL, NULL, NULL, 7, NULL, NULL, '2021-03-17 11:13:59', NULL, 23),
(88, NULL, NULL, NULL, NULL, 8, NULL, NULL, '2021-03-17 11:13:59', NULL, 23),
(89, 2483, 2618, 2483, 2618, 1, 1, 0, '2021-03-24 13:47:59', '2021-03-24 13:48:17', 24),
(90, 2592, 2955, 2592, 2955, 2, 3, 1, '2021-03-24 13:47:59', '2021-03-24 13:48:31', 24),
(91, 3041, 2978, 2978, 3041, 3, 0, 1, '2021-03-24 13:47:59', '2021-03-24 13:56:34', 24),
(92, 2666, 2654, 2654, 2666, 4, 0, 4, '2021-03-24 13:47:59', '2021-03-24 13:56:44', 24),
(93, 2592, 2483, 2483, 2592, 5, 1, 2, '2021-03-24 13:47:59', '2021-03-25 10:51:29', 24),
(94, 2666, 3041, 3041, 2666, 6, 1, 3, '2021-03-24 13:47:59', '2021-03-25 10:51:29', 24),
(95, 3041, 2483, 2483, 3041, 7, 0, 1, '2021-03-24 13:47:59', '2021-03-25 10:51:29', 24),
(96, 2592, 2666, 2592, 2666, 8, 3, 2, '2021-03-24 13:47:59', '2021-03-25 10:51:29', 24),
(97, 2483, 2592, 2483, 2592, 1, 1, 0, '2021-03-25 10:52:44', '2021-03-25 10:53:16', 25),
(98, 3651, 2521, 2521, 3651, 2, 1, 3, '2021-03-25 10:52:44', '2021-03-25 10:56:55', 25),
(99, 2618, 3812, 2618, 3812, 3, 2, 1, '2021-03-25 10:52:44', '2021-03-25 14:13:07', 25),
(100, 3779, 3694, 3779, 3694, 4, 1, 0, '2021-03-25 10:52:44', '2021-03-25 11:03:25', 25),
(101, 3651, 2483, 2483, 3651, 5, 0, 2, '2021-03-25 10:52:44', '2021-03-25 14:31:34', 25),
(102, 3779, 2618, 2618, 3779, 6, 1, 2, '2021-03-25 10:52:44', '2021-03-25 14:31:34', 25),
(103, 2483, 2618, 2483, 2618, 7, 2, 1, '2021-03-25 10:52:44', '2021-03-25 14:31:34', 25),
(104, 3651, 3779, 3651, 3779, 8, 2, 1, '2021-03-25 10:52:44', '2021-03-25 14:31:34', 25),
(105, 2481, 2482, 2481, 2482, 1, 1, 0, '2021-03-25 14:41:50', '2021-03-25 14:42:09', 26),
(106, 2521, 2523, 2523, 2521, 2, 2, 3, '2021-03-25 14:41:50', '2021-03-25 14:42:18', 26),
(107, NULL, NULL, 2618, 2557, 3, NULL, NULL, '2021-03-25 14:41:50', NULL, 26),
(108, NULL, NULL, 3739, 3788, 4, NULL, NULL, '2021-03-25 14:41:50', NULL, 26),
(109, NULL, NULL, 2481, 2521, 5, NULL, NULL, '2021-03-25 14:41:50', '2021-04-03 11:21:35', 26),
(110, NULL, NULL, NULL, NULL, 6, NULL, NULL, '2021-03-25 14:41:50', NULL, 26),
(111, NULL, NULL, NULL, NULL, 7, NULL, NULL, '2021-03-25 14:41:50', NULL, 26),
(112, NULL, NULL, NULL, NULL, 8, NULL, NULL, '2021-03-25 14:41:50', NULL, 26);

-- --------------------------------------------------------

--
-- Structure de la table `pokemon`
--

CREATE TABLE `pokemon` (
  `id` int(11) NOT NULL,
  `name` varchar(255) COLLATE utf8mb4_unicode_ci NOT NULL,
  `color` varchar(255) COLLATE utf8mb4_unicode_ci DEFAULT NULL,
  `api_id` int(11) NOT NULL,
  `image` varchar(255) COLLATE utf8mb4_unicode_ci DEFAULT NULL,
  `slug` varchar(255) COLLATE utf8mb4_unicode_ci NOT NULL,
  `tree_root` int(11) DEFAULT NULL,
  `parent_id` int(11) DEFAULT NULL,
  `lft` int(11) NOT NULL,
  `lvl` int(11) NOT NULL,
  `rgt` int(11) NOT NULL,
  `updated_at` datetime NOT NULL
) ENGINE=InnoDB DEFAULT CHARSET=utf8mb4 COLLATE=utf8mb4_unicode_ci;

--
-- Déchargement des données de la table `pokemon`
--

INSERT INTO `pokemon` (`id`, `name`, `color`, `api_id`, `image`, `slug`, `tree_root`, `parent_id`, `lft`, `lvl`, `rgt`, `updated_at`) VALUES
(2457, 'Bulbizarre', 'Vert', 1, 'https://raw.githubusercontent.com/PokeAPI/sprites/master/sprites/pokemon/1.png', 'bulbizarre', 2457, NULL, 1, 0, 6, '2021-04-04 22:32:33'),
(2460, 'Herbizarre', 'Vert', 2, 'https://raw.githubusercontent.com/PokeAPI/sprites/master/sprites/pokemon/2.png', 'herbizarre', 2457, 2457, 2, 1, 5, '2021-04-05 08:12:45'),
(2461, 'Florizarre', 'Vert', 3, 'https://raw.githubusercontent.com/PokeAPI/sprites/master/sprites/pokemon/3.png', 'florizarre', 2457, 2460, 3, 2, 4, '2021-04-05 08:12:46'),
(2462, 'Salamèche', 'Rouge', 4, 'https://raw.githubusercontent.com/PokeAPI/sprites/master/sprites/pokemon/4.png', 'salameche', 2462, NULL, 1, 0, 6, '2021-04-04 08:41:52'),
(2463, 'Reptincel', 'Rouge', 5, 'https://raw.githubusercontent.com/PokeAPI/sprites/master/sprites/pokemon/5.png', 'reptincel', 2462, 2462, 2, 1, 5, '2021-04-05 08:15:02'),
(2464, 'Dracaufeu', 'Rouge', 6, 'https://raw.githubusercontent.com/PokeAPI/sprites/master/sprites/pokemon/6.png', 'dracaufeu', 2462, 2463, 3, 2, 4, '2021-04-05 08:15:02'),
(2465, 'Carapuce', 'Bleu', 7, 'https://raw.githubusercontent.com/PokeAPI/sprites/master/sprites/pokemon/7.png', 'carapuce', 2465, NULL, 1, 0, 6, '2021-04-04 08:41:52'),
(2466, 'Carabaffe', 'Bleu', 8, 'https://raw.githubusercontent.com/PokeAPI/sprites/master/sprites/pokemon/8.png', 'carabaffe', 2465, 2465, 2, 1, 5, '2021-04-05 08:37:19'),
(2467, 'Tortank', 'Bleu', 9, 'https://raw.githubusercontent.com/PokeAPI/sprites/master/sprites/pokemon/9.png', 'tortank', 2465, 2466, 3, 2, 4, '2021-04-05 08:37:19'),
(2468, 'Chenipan', 'Vert', 10, 'https://raw.githubusercontent.com/PokeAPI/sprites/master/sprites/pokemon/10.png', 'chenipan', 2468, NULL, 1, 0, 6, '2021-04-04 08:41:52'),
(2469, 'Chrysacier', 'Vert', 11, 'https://raw.githubusercontent.com/PokeAPI/sprites/master/sprites/pokemon/11.png', 'chrysacier', 2468, 2468, 2, 1, 5, '2021-04-05 08:40:55'),
(2470, 'Papilusion', 'Blanc', 12, 'https://raw.githubusercontent.com/PokeAPI/sprites/master/sprites/pokemon/12.png', 'papilusion', 2468, 2469, 3, 2, 4, '2021-04-05 08:40:55'),
(2471, 'Aspicot', 'Brun', 13, 'https://raw.githubusercontent.com/PokeAPI/sprites/master/sprites/pokemon/13.png', 'aspicot', 2471, NULL, 1, 0, 6, '2021-04-04 08:41:52'),
(2472, 'Coconfort', 'Jaune', 14, 'https://raw.githubusercontent.com/PokeAPI/sprites/master/sprites/pokemon/14.png', 'coconfort', 2471, 2471, 2, 1, 5, '2021-04-05 08:40:56'),
(2473, 'Dardargnan', 'Jaune', 15, 'https://raw.githubusercontent.com/PokeAPI/sprites/master/sprites/pokemon/15.png', 'dardargnan', 2471, 2472, 3, 2, 4, '2021-04-05 08:40:56'),
(2474, 'Roucool', 'Brun', 16, 'https://raw.githubusercontent.com/PokeAPI/sprites/master/sprites/pokemon/16.png', 'roucool', 2474, NULL, 1, 0, 6, '2021-04-04 08:41:52'),
(2475, 'Roucoups', 'Brun', 17, 'https://raw.githubusercontent.com/PokeAPI/sprites/master/sprites/pokemon/17.png', 'roucoups', 2474, 2474, 2, 1, 5, '2021-04-05 08:40:56'),
(2476, 'Roucarnage', 'Brun', 18, 'https://raw.githubusercontent.com/PokeAPI/sprites/master/sprites/pokemon/18.png', 'roucarnage', 2474, 2475, 3, 2, 4, '2021-04-05 08:40:56'),
(2477, 'Rattata', 'Violet', 19, 'https://raw.githubusercontent.com/PokeAPI/sprites/master/sprites/pokemon/19.png', 'rattata', 2477, NULL, 1, 0, 4, '2021-04-04 08:41:52'),
(2478, 'Rattatac', 'Brun', 20, 'https://raw.githubusercontent.com/PokeAPI/sprites/master/sprites/pokemon/20.png', 'rattatac', 2477, 2477, 2, 1, 3, '2021-04-05 08:40:56'),
(2479, 'Piafabec', 'Brun', 21, 'https://raw.githubusercontent.com/PokeAPI/sprites/master/sprites/pokemon/21.png', 'piafabec', 2479, NULL, 1, 0, 4, '2021-04-04 08:41:52'),
(2480, 'Rapasdepic', 'Brun', 22, 'https://raw.githubusercontent.com/PokeAPI/sprites/master/sprites/pokemon/22.png', 'rapasdepic', 2479, 2479, 2, 1, 3, '2021-04-05 08:40:57'),
(2481, 'Abo', 'Violet', 23, 'https://raw.githubusercontent.com/PokeAPI/sprites/master/sprites/pokemon/23.png', 'abo', 2481, NULL, 1, 0, 4, '2021-04-04 08:41:52'),
(2482, 'Arbok', 'Violet', 24, 'https://raw.githubusercontent.com/PokeAPI/sprites/master/sprites/pokemon/24.png', 'arbok', 2481, 2481, 2, 1, 3, '2021-04-05 08:40:57'),
(2483, 'Pikachu', 'Jaune', 25, 'https://raw.githubusercontent.com/PokeAPI/sprites/master/sprites/pokemon/25.png', 'pikachu', 2630, 2630, 2, 1, 5, '2021-04-05 08:40:57'),
(2484, 'Raichu', 'Jaune', 26, 'https://raw.githubusercontent.com/PokeAPI/sprites/master/sprites/pokemon/26.png', 'raichu', 2630, 2483, 3, 2, 4, '2021-04-05 08:40:57'),
(2485, 'Sabelette', 'Jaune', 27, 'https://raw.githubusercontent.com/PokeAPI/sprites/master/sprites/pokemon/27.png', 'sabelette', 2485, NULL, 1, 0, 4, '2021-04-04 08:41:52'),
(2486, 'Sablaireau', 'Jaune', 28, 'https://raw.githubusercontent.com/PokeAPI/sprites/master/sprites/pokemon/28.png', 'sablaireau', 2485, 2485, 2, 1, 3, '2021-04-05 08:40:57'),
(2487, 'Nidoran♀', 'Bleu', 29, 'https://raw.githubusercontent.com/PokeAPI/sprites/master/sprites/pokemon/29.png', 'nidoran', 2487, NULL, 1, 0, 6, '2021-04-04 08:41:52'),
(2488, 'Nidorina', 'Bleu', 30, 'https://raw.githubusercontent.com/PokeAPI/sprites/master/sprites/pokemon/30.png', 'nidorina', 2487, 2487, 2, 1, 5, '2021-04-05 08:40:58'),
(2489, 'Nidoqueen', 'Bleu', 31, 'https://raw.githubusercontent.com/PokeAPI/sprites/master/sprites/pokemon/31.png', 'nidoqueen', 2487, 2488, 3, 2, 4, '2021-04-05 08:40:58'),
(2490, 'Nidoran♂', 'Violet', 32, 'https://raw.githubusercontent.com/PokeAPI/sprites/master/sprites/pokemon/32.png', 'nidoran', 2490, NULL, 1, 0, 6, '2021-04-04 08:41:52'),
(2491, 'Nidorino', 'Violet', 33, 'https://raw.githubusercontent.com/PokeAPI/sprites/master/sprites/pokemon/33.png', 'nidorino', 2490, 2490, 2, 1, 5, '2021-04-05 08:40:58'),
(2492, 'Nidoking', 'Violet', 34, 'https://raw.githubusercontent.com/PokeAPI/sprites/master/sprites/pokemon/34.png', 'nidoking', 2490, 2491, 3, 2, 4, '2021-04-05 08:40:58'),
(2493, 'Mélofée', 'Rose', 35, 'https://raw.githubusercontent.com/PokeAPI/sprites/master/sprites/pokemon/35.png', 'melofee', 2631, 2631, 2, 1, 5, '2021-04-05 08:40:58'),
(2494, 'Mélodelfe', 'Rose', 36, 'https://raw.githubusercontent.com/PokeAPI/sprites/master/sprites/pokemon/36.png', 'melodelfe', 2631, 2493, 3, 2, 4, '2021-04-05 08:40:59'),
(2495, 'Goupix', 'Brun', 37, 'https://raw.githubusercontent.com/PokeAPI/sprites/master/sprites/pokemon/37.png', 'goupix', 2495, NULL, 1, 0, 4, '2021-04-04 08:41:52'),
(2496, 'Feunard', 'Jaune', 38, 'https://raw.githubusercontent.com/PokeAPI/sprites/master/sprites/pokemon/38.png', 'feunard', 2495, 2495, 2, 1, 3, '2021-04-05 08:40:59'),
(2497, 'Rondoudou', 'Rose', 39, 'https://raw.githubusercontent.com/PokeAPI/sprites/master/sprites/pokemon/39.png', 'rondoudou', 2632, 2632, 2, 1, 5, '2021-04-05 08:41:00'),
(2498, 'Grodoudou', 'Rose', 40, 'https://raw.githubusercontent.com/PokeAPI/sprites/master/sprites/pokemon/40.png', 'grodoudou', 2632, 2497, 3, 2, 4, '2021-04-05 08:41:00'),
(2499, 'Nosferapti', 'Violet', 41, 'https://raw.githubusercontent.com/PokeAPI/sprites/master/sprites/pokemon/41.png', 'nosferapti', 2499, NULL, 1, 0, 6, '2021-04-04 08:41:52'),
(2500, 'Nosferalto', 'Violet', 42, 'https://raw.githubusercontent.com/PokeAPI/sprites/master/sprites/pokemon/42.png', 'nosferalto', 2499, 2499, 2, 1, 5, '2021-04-05 08:41:00'),
(2501, 'Mystherbe', 'Bleu', 43, 'https://raw.githubusercontent.com/PokeAPI/sprites/master/sprites/pokemon/43.png', 'mystherbe', 2501, NULL, 1, 0, 8, '2021-04-04 08:41:52'),
(2502, 'Ortide', 'Bleu', 44, 'https://raw.githubusercontent.com/PokeAPI/sprites/master/sprites/pokemon/44.png', 'ortide', 2501, 2501, 2, 1, 7, '2021-04-05 08:41:01'),
(2503, 'Rafflesia', 'Rouge', 45, 'https://raw.githubusercontent.com/PokeAPI/sprites/master/sprites/pokemon/45.png', 'rafflesia', 2501, 2502, 5, 2, 6, '2021-04-05 08:41:01'),
(2504, 'Paras', 'Rouge', 46, 'https://raw.githubusercontent.com/PokeAPI/sprites/master/sprites/pokemon/46.png', 'paras', 2504, NULL, 1, 0, 4, '2021-04-04 08:41:52'),
(2505, 'Parasect', 'Rouge', 47, 'https://raw.githubusercontent.com/PokeAPI/sprites/master/sprites/pokemon/47.png', 'parasect', 2504, 2504, 2, 1, 3, '2021-04-05 08:41:01'),
(2506, 'Mimitoss', 'Violet', 48, 'https://raw.githubusercontent.com/PokeAPI/sprites/master/sprites/pokemon/48.png', 'mimitoss', 2506, NULL, 1, 0, 4, '2021-04-04 08:41:52'),
(2507, 'Aéromite', 'Violet', 49, 'https://raw.githubusercontent.com/PokeAPI/sprites/master/sprites/pokemon/49.png', 'aeromite', 2506, 2506, 2, 1, 3, '2021-04-05 08:41:01'),
(2508, 'Taupiqueur', 'Brun', 50, 'https://raw.githubusercontent.com/PokeAPI/sprites/master/sprites/pokemon/50.png', 'taupiqueur', 2508, NULL, 1, 0, 4, '2021-04-04 08:41:52'),
(2509, 'Triopikeur', 'Brun', 51, 'https://raw.githubusercontent.com/PokeAPI/sprites/master/sprites/pokemon/51.png', 'triopikeur', 2508, 2508, 2, 1, 3, '2021-04-05 08:41:02'),
(2510, 'Miaouss', 'Jaune', 52, 'https://raw.githubusercontent.com/PokeAPI/sprites/master/sprites/pokemon/52.png', 'miaouss', 2510, NULL, 1, 0, 6, '2021-04-04 08:41:52'),
(2511, 'Persian', 'Jaune', 53, 'https://raw.githubusercontent.com/PokeAPI/sprites/master/sprites/pokemon/53.png', 'persian', 2510, 2510, 4, 1, 5, '2021-04-05 08:41:02'),
(2512, 'Psykokwak', 'Jaune', 54, 'https://raw.githubusercontent.com/PokeAPI/sprites/master/sprites/pokemon/54.png', 'psykokwak', 2512, NULL, 1, 0, 4, '2021-04-04 08:41:52'),
(2513, 'Akwakwak', 'Bleu', 55, 'https://raw.githubusercontent.com/PokeAPI/sprites/master/sprites/pokemon/55.png', 'akwakwak', 2512, 2512, 2, 1, 3, '2021-04-05 08:41:02'),
(2514, 'Férosinge', 'Brun', 56, 'https://raw.githubusercontent.com/PokeAPI/sprites/master/sprites/pokemon/56.png', 'ferosinge', 2514, NULL, 1, 0, 4, '2021-04-04 08:41:52'),
(2515, 'Colossinge', 'Brun', 57, 'https://raw.githubusercontent.com/PokeAPI/sprites/master/sprites/pokemon/57.png', 'colossinge', 2514, 2514, 2, 1, 3, '2021-04-05 08:41:02'),
(2516, 'Caninos', 'Brun', 58, 'https://raw.githubusercontent.com/PokeAPI/sprites/master/sprites/pokemon/58.png', 'caninos', 2516, NULL, 1, 0, 4, '2021-04-04 08:41:52'),
(2517, 'Arcanin', 'Brun', 59, 'https://raw.githubusercontent.com/PokeAPI/sprites/master/sprites/pokemon/59.png', 'arcanin', 2516, 2516, 2, 1, 3, '2021-04-05 08:41:03'),
(2518, 'Ptitard', 'Bleu', 60, 'https://raw.githubusercontent.com/PokeAPI/sprites/master/sprites/pokemon/60.png', 'ptitard', 2518, NULL, 1, 0, 8, '2021-04-04 08:41:52'),
(2519, 'Têtarte', 'Bleu', 61, 'https://raw.githubusercontent.com/PokeAPI/sprites/master/sprites/pokemon/61.png', 'tetarte', 2518, 2518, 2, 1, 7, '2021-04-05 08:41:03'),
(2520, 'Tartard', 'Bleu', 62, 'https://raw.githubusercontent.com/PokeAPI/sprites/master/sprites/pokemon/62.png', 'tartard', 2518, 2519, 5, 2, 6, '2021-04-05 08:41:03'),
(2521, 'Abra', 'Brun', 63, 'https://raw.githubusercontent.com/PokeAPI/sprites/master/sprites/pokemon/63.png', 'abra', 2521, NULL, 1, 0, 6, '2021-04-04 08:41:52'),
(2522, 'Kadabra', 'Brun', 64, 'https://raw.githubusercontent.com/PokeAPI/sprites/master/sprites/pokemon/64.png', 'kadabra', 2521, 2521, 2, 1, 5, '2021-04-05 08:41:03'),
(2523, 'Alakazam', 'Brun', 65, 'https://raw.githubusercontent.com/PokeAPI/sprites/master/sprites/pokemon/65.png', 'alakazam', 2521, 2522, 3, 2, 4, '2021-04-05 08:41:03'),
(2524, 'Machoc', 'Gris', 66, 'https://raw.githubusercontent.com/PokeAPI/sprites/master/sprites/pokemon/66.png', 'machoc', 2524, NULL, 1, 0, 6, '2021-04-04 08:41:52'),
(2525, 'Machopeur', 'Gris', 67, 'https://raw.githubusercontent.com/PokeAPI/sprites/master/sprites/pokemon/67.png', 'machopeur', 2524, 2524, 2, 1, 5, '2021-04-05 08:41:04'),
(2526, 'Mackogneur', 'Gris', 68, 'https://raw.githubusercontent.com/PokeAPI/sprites/master/sprites/pokemon/68.png', 'mackogneur', 2524, 2525, 3, 2, 4, '2021-04-05 08:41:04'),
(2527, 'Chétiflor', 'Vert', 69, 'https://raw.githubusercontent.com/PokeAPI/sprites/master/sprites/pokemon/69.png', 'chetiflor', 2527, NULL, 1, 0, 6, '2021-04-04 08:41:52'),
(2528, 'Boustiflor', 'Vert', 70, 'https://raw.githubusercontent.com/PokeAPI/sprites/master/sprites/pokemon/70.png', 'boustiflor', 2527, 2527, 2, 1, 5, '2021-04-05 08:41:04'),
(2529, 'Empiflor', 'Vert', 71, 'https://raw.githubusercontent.com/PokeAPI/sprites/master/sprites/pokemon/71.png', 'empiflor', 2527, 2528, 3, 2, 4, '2021-04-05 08:41:04'),
(2530, 'Tentacool', 'Bleu', 72, 'https://raw.githubusercontent.com/PokeAPI/sprites/master/sprites/pokemon/72.png', 'tentacool', 2530, NULL, 1, 0, 4, '2021-04-04 08:41:52'),
(2531, 'Tentacruel', 'Bleu', 73, 'https://raw.githubusercontent.com/PokeAPI/sprites/master/sprites/pokemon/73.png', 'tentacruel', 2530, 2530, 2, 1, 3, '2021-04-05 08:41:04'),
(2532, 'Racaillou', 'Brun', 74, 'https://raw.githubusercontent.com/PokeAPI/sprites/master/sprites/pokemon/74.png', 'racaillou', 2532, NULL, 1, 0, 6, '2021-04-04 08:41:52'),
(2533, 'Gravalanch', 'Brun', 75, 'https://raw.githubusercontent.com/PokeAPI/sprites/master/sprites/pokemon/75.png', 'gravalanch', 2532, 2532, 2, 1, 5, '2021-04-05 08:41:05'),
(2534, 'Grolem', 'Brun', 76, 'https://raw.githubusercontent.com/PokeAPI/sprites/master/sprites/pokemon/76.png', 'grolem', 2532, 2533, 3, 2, 4, '2021-04-05 08:41:05'),
(2535, 'Ponyta', 'Jaune', 77, 'https://raw.githubusercontent.com/PokeAPI/sprites/master/sprites/pokemon/77.png', 'ponyta', 2535, NULL, 1, 0, 4, '2021-04-04 08:41:52'),
(2536, 'Galopa', 'Jaune', 78, 'https://raw.githubusercontent.com/PokeAPI/sprites/master/sprites/pokemon/78.png', 'galopa', 2535, 2535, 2, 1, 3, '2021-04-05 08:41:06'),
(2537, 'Ramoloss', 'Rose', 79, 'https://raw.githubusercontent.com/PokeAPI/sprites/master/sprites/pokemon/79.png', 'ramoloss', 2537, NULL, 1, 0, 6, '2021-04-04 08:41:52'),
(2538, 'Flagadoss', 'Rose', 80, 'https://raw.githubusercontent.com/PokeAPI/sprites/master/sprites/pokemon/80.png', 'flagadoss', 2537, 2537, 4, 1, 5, '2021-04-05 08:41:06'),
(2539, 'Magnéti', 'Gris', 81, 'https://raw.githubusercontent.com/PokeAPI/sprites/master/sprites/pokemon/81.png', 'magneti', 2539, NULL, 1, 0, 6, '2021-04-04 08:41:52'),
(2540, 'Magnéton', 'Gris', 82, 'https://raw.githubusercontent.com/PokeAPI/sprites/master/sprites/pokemon/82.png', 'magneton', 2539, 2539, 2, 1, 5, '2021-04-05 08:41:06'),
(2541, 'Canarticho', 'Brun', 83, 'https://raw.githubusercontent.com/PokeAPI/sprites/master/sprites/pokemon/83.png', 'canarticho', 2541, NULL, 1, 0, 4, '2021-04-04 08:41:52'),
(2542, 'Doduo', 'Brun', 84, 'https://raw.githubusercontent.com/PokeAPI/sprites/master/sprites/pokemon/84.png', 'doduo', 2542, NULL, 1, 0, 4, '2021-04-04 08:41:52'),
(2543, 'Dodrio', 'Brun', 85, 'https://raw.githubusercontent.com/PokeAPI/sprites/master/sprites/pokemon/85.png', 'dodrio', 2542, 2542, 2, 1, 3, '2021-04-05 08:41:06'),
(2544, 'Otaria', 'Blanc', 86, 'https://raw.githubusercontent.com/PokeAPI/sprites/master/sprites/pokemon/86.png', 'otaria', 2544, NULL, 1, 0, 4, '2021-04-04 08:41:52'),
(2545, 'Lamantine', 'Blanc', 87, 'https://raw.githubusercontent.com/PokeAPI/sprites/master/sprites/pokemon/87.png', 'lamantine', 2544, 2544, 2, 1, 3, '2021-04-05 08:41:07'),
(2546, 'Tadmorv', 'Violet', 88, 'https://raw.githubusercontent.com/PokeAPI/sprites/master/sprites/pokemon/88.png', 'tadmorv', 2546, NULL, 1, 0, 4, '2021-04-04 08:41:52'),
(2547, 'Grotadmorv', 'Violet', 89, 'https://raw.githubusercontent.com/PokeAPI/sprites/master/sprites/pokemon/89.png', 'grotadmorv', 2546, 2546, 2, 1, 3, '2021-04-05 08:41:07'),
(2548, 'Kokiyas', 'Violet', 90, 'https://raw.githubusercontent.com/PokeAPI/sprites/master/sprites/pokemon/90.png', 'kokiyas', 2548, NULL, 1, 0, 4, '2021-04-04 08:41:52'),
(2549, 'Crustabri', 'Violet', 91, 'https://raw.githubusercontent.com/PokeAPI/sprites/master/sprites/pokemon/91.png', 'crustabri', 2548, 2548, 2, 1, 3, '2021-04-05 08:41:07'),
(2550, 'Fantominus', 'Violet', 92, 'https://raw.githubusercontent.com/PokeAPI/sprites/master/sprites/pokemon/92.png', 'fantominus', 2550, NULL, 1, 0, 6, '2021-04-04 08:41:52'),
(2551, 'Spectrum', 'Violet', 93, 'https://raw.githubusercontent.com/PokeAPI/sprites/master/sprites/pokemon/93.png', 'spectrum', 2550, 2550, 2, 1, 5, '2021-04-05 08:41:07'),
(2552, 'Ectoplasma', 'Violet', 94, 'https://raw.githubusercontent.com/PokeAPI/sprites/master/sprites/pokemon/94.png', 'ectoplasma', 2550, 2551, 3, 2, 4, '2021-04-05 08:41:08'),
(2553, 'Onix', 'Gris', 95, 'https://raw.githubusercontent.com/PokeAPI/sprites/master/sprites/pokemon/95.png', 'onix', 2553, NULL, 1, 0, 4, '2021-04-04 08:41:52'),
(2554, 'Soporifik', 'Jaune', 96, 'https://raw.githubusercontent.com/PokeAPI/sprites/master/sprites/pokemon/96.png', 'soporifik', 2554, NULL, 1, 0, 4, '2021-04-04 08:41:52'),
(2555, 'Hypnomade', 'Jaune', 97, 'https://raw.githubusercontent.com/PokeAPI/sprites/master/sprites/pokemon/97.png', 'hypnomade', 2554, 2554, 2, 1, 3, '2021-04-05 08:41:09'),
(2556, 'Krabby', 'Rouge', 98, 'https://raw.githubusercontent.com/PokeAPI/sprites/master/sprites/pokemon/98.png', 'krabby', 2556, NULL, 1, 0, 4, '2021-04-04 08:41:52'),
(2557, 'Krabboss', 'Rouge', 99, 'https://raw.githubusercontent.com/PokeAPI/sprites/master/sprites/pokemon/99.png', 'krabboss', 2556, 2556, 2, 1, 3, '2021-04-05 08:41:09'),
(2558, 'Voltorbe', 'Rouge', 100, 'https://raw.githubusercontent.com/PokeAPI/sprites/master/sprites/pokemon/100.png', 'voltorbe', 2558, NULL, 1, 0, 4, '2021-04-04 08:41:52'),
(2559, 'Électrode', 'Rouge', 101, 'https://raw.githubusercontent.com/PokeAPI/sprites/master/sprites/pokemon/101.png', 'electrode', 2558, 2558, 2, 1, 3, '2021-04-05 08:41:09'),
(2560, 'Noeunoeuf', 'Rose', 102, 'https://raw.githubusercontent.com/PokeAPI/sprites/master/sprites/pokemon/102.png', 'noeunoeuf', 2560, NULL, 1, 0, 4, '2021-04-04 08:41:52'),
(2561, 'Noadkoko', 'Jaune', 103, 'https://raw.githubusercontent.com/PokeAPI/sprites/master/sprites/pokemon/103.png', 'noadkoko', 2560, 2560, 2, 1, 3, '2021-04-05 08:41:09'),
(2562, 'Osselait', 'Brun', 104, 'https://raw.githubusercontent.com/PokeAPI/sprites/master/sprites/pokemon/104.png', 'osselait', 2562, NULL, 1, 0, 4, '2021-04-04 08:41:52'),
(2563, 'Ossatueur', 'Brun', 105, 'https://raw.githubusercontent.com/PokeAPI/sprites/master/sprites/pokemon/105.png', 'ossatueur', 2562, 2562, 2, 1, 3, '2021-04-05 08:41:10'),
(2564, 'Kicklee', 'Brun', 106, 'https://raw.githubusercontent.com/PokeAPI/sprites/master/sprites/pokemon/106.png', 'kicklee', 2694, 2694, 6, 1, 7, '2021-04-05 08:41:10'),
(2565, 'Tygnon', 'Brun', 107, 'https://raw.githubusercontent.com/PokeAPI/sprites/master/sprites/pokemon/107.png', 'tygnon', 2694, 2694, 4, 1, 5, '2021-04-05 08:41:10'),
(2566, 'Excelangue', 'Rose', 108, 'https://raw.githubusercontent.com/PokeAPI/sprites/master/sprites/pokemon/108.png', 'excelangue', 2566, NULL, 1, 0, 4, '2021-04-04 08:41:52'),
(2567, 'Smogo', 'Violet', 109, 'https://raw.githubusercontent.com/PokeAPI/sprites/master/sprites/pokemon/109.png', 'smogo', 2567, NULL, 1, 0, 4, '2021-04-04 08:41:52'),
(2568, 'Smogogo', 'Violet', 110, 'https://raw.githubusercontent.com/PokeAPI/sprites/master/sprites/pokemon/110.png', 'smogogo', 2567, 2567, 2, 1, 3, '2021-04-05 08:41:11'),
(2569, 'Rhinocorne', 'Gris', 111, 'https://raw.githubusercontent.com/PokeAPI/sprites/master/sprites/pokemon/111.png', 'rhinocorne', 2569, NULL, 1, 0, 6, '2021-04-04 08:41:52'),
(2570, 'Rhinoféros', 'Gris', 112, 'https://raw.githubusercontent.com/PokeAPI/sprites/master/sprites/pokemon/112.png', 'rhinoferos', 2569, 2569, 2, 1, 5, '2021-04-05 08:41:11'),
(2571, 'Leveinard', 'Rose', 113, 'https://raw.githubusercontent.com/PokeAPI/sprites/master/sprites/pokemon/113.png', 'leveinard', 3065, 3065, 2, 1, 5, '2021-04-05 08:41:11'),
(2572, 'Saquedeneu', 'Bleu', 114, 'https://raw.githubusercontent.com/PokeAPI/sprites/master/sprites/pokemon/114.png', 'saquedeneu', 2572, NULL, 1, 0, 4, '2021-04-04 08:41:52'),
(2573, 'Kangourex', 'Brun', 115, 'https://raw.githubusercontent.com/PokeAPI/sprites/master/sprites/pokemon/115.png', 'kangourex', 2573, NULL, 1, 0, 2, '2021-04-04 08:41:52'),
(2574, 'Hypotrempe', 'Bleu', 116, 'https://raw.githubusercontent.com/PokeAPI/sprites/master/sprites/pokemon/116.png', 'hypotrempe', 2574, NULL, 1, 0, 6, '2021-04-04 08:41:52'),
(2575, 'Hypocéan', 'Bleu', 117, 'https://raw.githubusercontent.com/PokeAPI/sprites/master/sprites/pokemon/117.png', 'hypocean', 2574, 2574, 2, 1, 5, '2021-04-05 08:41:12'),
(2576, 'Poissirène', 'Rouge', 118, 'https://raw.githubusercontent.com/PokeAPI/sprites/master/sprites/pokemon/118.png', 'poissirene', 2576, NULL, 1, 0, 4, '2021-04-04 08:41:52'),
(2577, 'Poissoroy', 'Rouge', 119, 'https://raw.githubusercontent.com/PokeAPI/sprites/master/sprites/pokemon/119.png', 'poissoroy', 2576, 2576, 2, 1, 3, '2021-04-05 08:41:12'),
(2578, 'Stari', 'Brun', 120, 'https://raw.githubusercontent.com/PokeAPI/sprites/master/sprites/pokemon/120.png', 'stari', 2578, NULL, 1, 0, 4, '2021-04-04 08:41:52'),
(2579, 'Staross', 'Violet', 121, 'https://raw.githubusercontent.com/PokeAPI/sprites/master/sprites/pokemon/121.png', 'staross', 2578, 2578, 2, 1, 3, '2021-04-05 08:41:12'),
(2580, 'M. Mime', 'Rose', 122, 'https://raw.githubusercontent.com/PokeAPI/sprites/master/sprites/pokemon/122.png', 'm-mime', 3064, 3064, 2, 1, 5, '2021-04-05 08:41:12'),
(2581, 'Insécateur', 'Vert', 123, 'https://raw.githubusercontent.com/PokeAPI/sprites/master/sprites/pokemon/123.png', 'insecateur', 2581, NULL, 1, 0, 4, '2021-04-04 08:41:52'),
(2582, 'Lippoutou', 'Rouge', 124, 'https://raw.githubusercontent.com/PokeAPI/sprites/master/sprites/pokemon/124.png', 'lippoutou', 2696, 2696, 2, 1, 3, '2021-04-05 08:41:12'),
(2583, 'Élektek', 'Jaune', 125, 'https://raw.githubusercontent.com/PokeAPI/sprites/master/sprites/pokemon/125.png', 'elektek', 2697, 2697, 2, 1, 5, '2021-04-05 08:41:13'),
(2584, 'Magmar', 'Rouge', 126, 'https://raw.githubusercontent.com/PokeAPI/sprites/master/sprites/pokemon/126.png', 'magmar', 2698, 2698, 2, 1, 5, '2021-04-05 08:41:13'),
(2585, 'Scarabrute', 'Brun', 127, 'https://raw.githubusercontent.com/PokeAPI/sprites/master/sprites/pokemon/127.png', 'scarabrute', 2585, NULL, 1, 0, 2, '2021-04-04 08:41:52'),
(2586, 'Tauros', 'Brun', 128, 'https://raw.githubusercontent.com/PokeAPI/sprites/master/sprites/pokemon/128.png', 'tauros', 2586, NULL, 1, 0, 2, '2021-04-04 08:41:52'),
(2587, 'Magicarpe', 'Rouge', 129, 'https://raw.githubusercontent.com/PokeAPI/sprites/master/sprites/pokemon/129.png', 'magicarpe', 2587, NULL, 1, 0, 4, '2021-04-04 08:41:52'),
(2588, 'Léviator', 'Bleu', 130, 'https://raw.githubusercontent.com/PokeAPI/sprites/master/sprites/pokemon/130.png', 'leviator', 2587, 2587, 2, 1, 3, '2021-04-05 08:41:13'),
(2589, 'Lokhlass', 'Bleu', 131, 'https://raw.githubusercontent.com/PokeAPI/sprites/master/sprites/pokemon/131.png', 'lokhlass', 2589, NULL, 1, 0, 2, '2021-04-04 08:41:52'),
(2590, 'Métamorph', 'Violet', 132, 'https://raw.githubusercontent.com/PokeAPI/sprites/master/sprites/pokemon/132.png', 'metamorph', 2590, NULL, 1, 0, 2, '2021-04-04 08:41:52'),
(2591, 'Évoli', 'Brun', 133, 'https://raw.githubusercontent.com/PokeAPI/sprites/master/sprites/pokemon/133.png', 'evoli', 2591, NULL, 1, 0, 18, '2021-04-04 08:41:52'),
(2592, 'Aquali', 'Bleu', 134, 'https://raw.githubusercontent.com/PokeAPI/sprites/master/sprites/pokemon/134.png', 'aquali', 2591, 2591, 16, 1, 17, '2021-04-05 08:41:14'),
(2593, 'Voltali', 'Jaune', 135, 'https://raw.githubusercontent.com/PokeAPI/sprites/master/sprites/pokemon/135.png', 'voltali', 2591, 2591, 14, 1, 15, '2021-04-05 08:41:14'),
(2594, 'Pyroli', 'Rouge', 136, 'https://raw.githubusercontent.com/PokeAPI/sprites/master/sprites/pokemon/136.png', 'pyroli', 2591, 2591, 12, 1, 13, '2021-04-05 08:41:14'),
(2595, 'Porygon', 'Rose', 137, 'https://raw.githubusercontent.com/PokeAPI/sprites/master/sprites/pokemon/137.png', 'porygon', 2595, NULL, 1, 0, 6, '2021-04-04 08:41:52'),
(2596, 'Amonita', 'Bleu', 138, 'https://raw.githubusercontent.com/PokeAPI/sprites/master/sprites/pokemon/138.png', 'amonita', 2596, NULL, 1, 0, 4, '2021-04-04 08:41:52'),
(2597, 'Amonistar', 'Bleu', 139, 'https://raw.githubusercontent.com/PokeAPI/sprites/master/sprites/pokemon/139.png', 'amonistar', 2596, 2596, 2, 1, 3, '2021-04-05 08:41:14'),
(2598, 'Kabuto', 'Brun', 140, 'https://raw.githubusercontent.com/PokeAPI/sprites/master/sprites/pokemon/140.png', 'kabuto', 2598, NULL, 1, 0, 4, '2021-04-04 08:41:52'),
(2599, 'Kabutops', 'Brun', 141, 'https://raw.githubusercontent.com/PokeAPI/sprites/master/sprites/pokemon/141.png', 'kabutops', 2598, 2598, 2, 1, 3, '2021-04-05 08:41:14'),
(2600, 'Ptéra', 'Violet', 142, 'https://raw.githubusercontent.com/PokeAPI/sprites/master/sprites/pokemon/142.png', 'ptera', 2600, NULL, 1, 0, 2, '2021-04-04 08:41:52'),
(2601, 'Ronflex', 'Noir', 143, 'https://raw.githubusercontent.com/PokeAPI/sprites/master/sprites/pokemon/143.png', 'ronflex', 3071, 3071, 2, 1, 3, '2021-04-05 08:41:15'),
(2602, 'Artikodin', 'Bleu', 144, 'https://raw.githubusercontent.com/PokeAPI/sprites/master/sprites/pokemon/144.png', 'artikodin', 2602, NULL, 1, 0, 2, '2021-04-04 08:41:52'),
(2603, 'Électhor', 'Jaune', 145, 'https://raw.githubusercontent.com/PokeAPI/sprites/master/sprites/pokemon/145.png', 'electhor', 2603, NULL, 1, 0, 2, '2021-04-04 08:41:52'),
(2604, 'Sulfura', 'Jaune', 146, 'https://raw.githubusercontent.com/PokeAPI/sprites/master/sprites/pokemon/146.png', 'sulfura', 2604, NULL, 1, 0, 2, '2021-04-04 08:41:52'),
(2605, 'Minidraco', 'Bleu', 147, 'https://raw.githubusercontent.com/PokeAPI/sprites/master/sprites/pokemon/147.png', 'minidraco', 2605, NULL, 1, 0, 6, '2021-04-04 08:41:52'),
(2606, 'Draco', 'Bleu', 148, 'https://raw.githubusercontent.com/PokeAPI/sprites/master/sprites/pokemon/148.png', 'draco', 2605, 2605, 2, 1, 5, '2021-04-05 08:41:15'),
(2607, 'Dracolosse', 'Brun', 149, 'https://raw.githubusercontent.com/PokeAPI/sprites/master/sprites/pokemon/149.png', 'dracolosse', 2605, 2606, 3, 2, 4, '2021-04-05 08:41:15'),
(2608, 'Mewtwo', 'Violet', 150, 'https://raw.githubusercontent.com/PokeAPI/sprites/master/sprites/pokemon/150.png', 'mewtwo', 2608, NULL, 1, 0, 2, '2021-04-04 08:41:52'),
(2609, 'Mew', 'Rose', 151, 'https://raw.githubusercontent.com/PokeAPI/sprites/master/sprites/pokemon/151.png', 'mew', 2609, NULL, 1, 0, 2, '2021-04-04 08:41:52'),
(2610, 'Germignon', 'Vert', 152, 'https://raw.githubusercontent.com/PokeAPI/sprites/master/sprites/pokemon/152.png', 'germignon', 2610, NULL, 1, 0, 6, '2021-04-04 08:41:52'),
(2611, 'Macronium', 'Vert', 153, 'https://raw.githubusercontent.com/PokeAPI/sprites/master/sprites/pokemon/153.png', 'macronium', 2610, 2610, 2, 1, 5, '2021-04-05 08:41:16'),
(2612, 'Méganium', 'Vert', 154, 'https://raw.githubusercontent.com/PokeAPI/sprites/master/sprites/pokemon/154.png', 'meganium', 2610, 2611, 3, 2, 4, '2021-04-05 08:41:16'),
(2613, 'Héricendre', 'Jaune', 155, 'https://raw.githubusercontent.com/PokeAPI/sprites/master/sprites/pokemon/155.png', 'hericendre', 2613, NULL, 1, 0, 6, '2021-04-04 08:41:52'),
(2614, 'Feurisson', 'Jaune', 156, 'https://raw.githubusercontent.com/PokeAPI/sprites/master/sprites/pokemon/156.png', 'feurisson', 2613, 2613, 2, 1, 5, '2021-04-05 08:41:16'),
(2615, 'Typhlosion', 'Jaune', 157, 'https://raw.githubusercontent.com/PokeAPI/sprites/master/sprites/pokemon/157.png', 'typhlosion', 2613, 2614, 3, 2, 4, '2021-04-05 08:41:16'),
(2616, 'Kaiminus', 'Bleu', 158, 'https://raw.githubusercontent.com/PokeAPI/sprites/master/sprites/pokemon/158.png', 'kaiminus', 2616, NULL, 1, 0, 6, '2021-04-04 08:41:52'),
(2617, 'Crocrodil', 'Bleu', 159, 'https://raw.githubusercontent.com/PokeAPI/sprites/master/sprites/pokemon/159.png', 'crocrodil', 2616, 2616, 2, 1, 5, '2021-04-05 08:41:16'),
(2618, 'Aligatueur', 'Bleu', 160, 'https://raw.githubusercontent.com/PokeAPI/sprites/master/sprites/pokemon/160.png', 'aligatueur', 2616, 2617, 3, 2, 4, '2021-04-05 08:41:17'),
(2619, 'Fouinette', 'Brun', 161, 'https://raw.githubusercontent.com/PokeAPI/sprites/master/sprites/pokemon/161.png', 'fouinette', 2619, NULL, 1, 0, 4, '2021-04-04 08:41:52'),
(2620, 'Fouinar', 'Brun', 162, 'https://raw.githubusercontent.com/PokeAPI/sprites/master/sprites/pokemon/162.png', 'fouinar', 2619, 2619, 2, 1, 3, '2021-04-05 08:41:17'),
(2621, 'Hoothoot', 'Brun', 163, 'https://raw.githubusercontent.com/PokeAPI/sprites/master/sprites/pokemon/163.png', 'hoothoot', 2621, NULL, 1, 0, 4, '2021-04-04 08:41:52'),
(2622, 'Noarfang', 'Brun', 164, 'https://raw.githubusercontent.com/PokeAPI/sprites/master/sprites/pokemon/164.png', 'noarfang', 2621, 2621, 2, 1, 3, '2021-04-05 08:41:17'),
(2623, 'Coxy', 'Rouge', 165, 'https://raw.githubusercontent.com/PokeAPI/sprites/master/sprites/pokemon/165.png', 'coxy', 2623, NULL, 1, 0, 4, '2021-04-04 08:41:52'),
(2624, 'Coxyclaque', 'Rouge', 166, 'https://raw.githubusercontent.com/PokeAPI/sprites/master/sprites/pokemon/166.png', 'coxyclaque', 2623, 2623, 2, 1, 3, '2021-04-05 08:41:17'),
(2625, 'Mimigal', 'Vert', 167, 'https://raw.githubusercontent.com/PokeAPI/sprites/master/sprites/pokemon/167.png', 'mimigal', 2625, NULL, 1, 0, 4, '2021-04-04 08:41:52'),
(2626, 'Migalos', 'Rouge', 168, 'https://raw.githubusercontent.com/PokeAPI/sprites/master/sprites/pokemon/168.png', 'migalos', 2625, 2625, 2, 1, 3, '2021-04-05 08:41:18'),
(2627, 'Nostenfer', 'Violet', 169, 'https://raw.githubusercontent.com/PokeAPI/sprites/master/sprites/pokemon/169.png', 'nostenfer', 2499, 2500, 3, 2, 4, '2021-04-05 08:41:18'),
(2628, 'Loupio', 'Bleu', 170, 'https://raw.githubusercontent.com/PokeAPI/sprites/master/sprites/pokemon/170.png', 'loupio', 2628, NULL, 1, 0, 4, '2021-04-04 08:41:52'),
(2629, 'Lanturn', 'Bleu', 171, 'https://raw.githubusercontent.com/PokeAPI/sprites/master/sprites/pokemon/171.png', 'lanturn', 2628, 2628, 2, 1, 3, '2021-04-05 08:41:18'),
(2630, 'Pichu', 'Jaune', 172, 'https://raw.githubusercontent.com/PokeAPI/sprites/master/sprites/pokemon/172.png', 'pichu', 2630, NULL, 1, 0, 6, '2021-04-04 08:41:52'),
(2631, 'Mélo', 'Rose', 173, 'https://raw.githubusercontent.com/PokeAPI/sprites/master/sprites/pokemon/173.png', 'melo', 2631, NULL, 1, 0, 6, '2021-04-04 08:41:52'),
(2632, 'Toudoudou', 'Rose', 174, 'https://raw.githubusercontent.com/PokeAPI/sprites/master/sprites/pokemon/174.png', 'toudoudou', 2632, NULL, 1, 0, 6, '2021-04-04 08:41:52'),
(2633, 'Togepi', 'Blanc', 175, 'https://raw.githubusercontent.com/PokeAPI/sprites/master/sprites/pokemon/175.png', 'togepi', 2633, NULL, 1, 0, 6, '2021-04-04 08:41:52'),
(2634, 'Togetic', 'Blanc', 176, 'https://raw.githubusercontent.com/PokeAPI/sprites/master/sprites/pokemon/176.png', 'togetic', 2633, 2633, 2, 1, 5, '2021-04-05 08:41:19'),
(2635, 'Natu', 'Vert', 177, 'https://raw.githubusercontent.com/PokeAPI/sprites/master/sprites/pokemon/177.png', 'natu', 2635, NULL, 1, 0, 4, '2021-04-04 08:41:52'),
(2636, 'Xatu', 'Vert', 178, 'https://raw.githubusercontent.com/PokeAPI/sprites/master/sprites/pokemon/178.png', 'xatu', 2635, 2635, 2, 1, 3, '2021-04-05 08:41:19'),
(2637, 'Wattouat', 'Blanc', 179, 'https://raw.githubusercontent.com/PokeAPI/sprites/master/sprites/pokemon/179.png', 'wattouat', 2637, NULL, 1, 0, 6, '2021-04-04 08:41:52'),
(2638, 'Lainergie', 'Rose', 180, 'https://raw.githubusercontent.com/PokeAPI/sprites/master/sprites/pokemon/180.png', 'lainergie', 2637, 2637, 2, 1, 5, '2021-04-05 08:41:19'),
(2639, 'Pharamp', 'Jaune', 181, 'https://raw.githubusercontent.com/PokeAPI/sprites/master/sprites/pokemon/181.png', 'pharamp', 2637, 2638, 3, 2, 4, '2021-04-05 08:41:19'),
(2640, 'Joliflor', 'Vert', 182, 'https://raw.githubusercontent.com/PokeAPI/sprites/master/sprites/pokemon/182.png', 'joliflor', 2501, 2502, 3, 2, 4, '2021-04-05 08:41:20'),
(2641, 'Marill', 'Bleu', 183, 'https://raw.githubusercontent.com/PokeAPI/sprites/master/sprites/pokemon/183.png', 'marill', 2756, 2756, 2, 1, 5, '2021-04-05 08:41:20'),
(2642, 'Azumarill', 'Bleu', 184, 'https://raw.githubusercontent.com/PokeAPI/sprites/master/sprites/pokemon/184.png', 'azumarill', 2756, 2641, 3, 2, 4, '2021-04-05 08:41:20'),
(2643, 'Simularbre', 'Brun', 185, 'https://raw.githubusercontent.com/PokeAPI/sprites/master/sprites/pokemon/185.png', 'simularbre', 3063, 3063, 2, 1, 3, '2021-04-05 08:41:20'),
(2644, 'Tarpaud', 'Vert', 186, 'https://raw.githubusercontent.com/PokeAPI/sprites/master/sprites/pokemon/186.png', 'tarpaud', 2518, 2519, 3, 2, 4, '2021-04-05 08:41:20'),
(2645, 'Granivol', 'Rose', 187, 'https://raw.githubusercontent.com/PokeAPI/sprites/master/sprites/pokemon/187.png', 'granivol', 2645, NULL, 1, 0, 6, '2021-04-04 08:41:52'),
(2646, 'Floravol', 'Vert', 188, 'https://raw.githubusercontent.com/PokeAPI/sprites/master/sprites/pokemon/188.png', 'floravol', 2645, 2645, 2, 1, 5, '2021-04-05 08:41:21'),
(2647, 'Cotovol', 'Bleu', 189, 'https://raw.githubusercontent.com/PokeAPI/sprites/master/sprites/pokemon/189.png', 'cotovol', 2645, 2646, 3, 2, 4, '2021-04-05 08:41:21'),
(2648, 'Capumain', 'Violet', 190, 'https://raw.githubusercontent.com/PokeAPI/sprites/master/sprites/pokemon/190.png', 'capumain', 2648, NULL, 1, 0, 4, '2021-04-04 08:41:52'),
(2649, 'Tournegrin', 'Jaune', 191, 'https://raw.githubusercontent.com/PokeAPI/sprites/master/sprites/pokemon/191.png', 'tournegrin', 2649, NULL, 1, 0, 4, '2021-04-04 08:41:52'),
(2650, 'Héliatronc', 'Jaune', 192, 'https://raw.githubusercontent.com/PokeAPI/sprites/master/sprites/pokemon/192.png', 'heliatronc', 2649, 2649, 2, 1, 3, '2021-04-05 08:41:21'),
(2651, 'Yanma', 'Rouge', 193, 'https://raw.githubusercontent.com/PokeAPI/sprites/master/sprites/pokemon/193.png', 'yanma', 2651, NULL, 1, 0, 4, '2021-04-04 08:41:52'),
(2652, 'Axoloto', 'Bleu', 194, 'https://raw.githubusercontent.com/PokeAPI/sprites/master/sprites/pokemon/194.png', 'axoloto', 2652, NULL, 1, 0, 4, '2021-04-04 08:41:52'),
(2653, 'Maraiste', 'Bleu', 195, 'https://raw.githubusercontent.com/PokeAPI/sprites/master/sprites/pokemon/195.png', 'maraiste', 2652, 2652, 2, 1, 3, '2021-04-05 08:41:22'),
(2654, 'Mentali', 'Violet', 196, 'https://raw.githubusercontent.com/PokeAPI/sprites/master/sprites/pokemon/196.png', 'mentali', 2591, 2591, 10, 1, 11, '2021-04-05 08:41:22'),
(2655, 'Noctali', 'Noir', 197, 'https://raw.githubusercontent.com/PokeAPI/sprites/master/sprites/pokemon/197.png', 'noctali', 2591, 2591, 8, 1, 9, '2021-04-05 08:41:23'),
(2656, 'Cornèbre', 'Noir', 198, 'https://raw.githubusercontent.com/PokeAPI/sprites/master/sprites/pokemon/198.png', 'cornebre', 2656, NULL, 1, 0, 4, '2021-04-04 08:41:52'),
(2657, 'Roigada', 'Rose', 199, 'https://raw.githubusercontent.com/PokeAPI/sprites/master/sprites/pokemon/199.png', 'roigada', 2537, 2537, 2, 1, 3, '2021-04-05 08:41:23'),
(2658, 'Feuforêve', 'Gris', 200, 'https://raw.githubusercontent.com/PokeAPI/sprites/master/sprites/pokemon/200.png', 'feuforeve', 2658, NULL, 1, 0, 4, '2021-04-04 08:41:52'),
(2659, 'Zarbi', 'Noir', 201, 'https://raw.githubusercontent.com/PokeAPI/sprites/master/sprites/pokemon/201.png', 'zarbi', 2659, NULL, 1, 0, 2, '2021-04-04 08:41:52'),
(2660, 'Qulbutoké', 'Bleu', 202, 'https://raw.githubusercontent.com/PokeAPI/sprites/master/sprites/pokemon/202.png', 'qulbutoke', 2986, 2986, 2, 1, 3, '2021-04-05 08:41:24'),
(2661, 'Girafarig', 'Jaune', 203, 'https://raw.githubusercontent.com/PokeAPI/sprites/master/sprites/pokemon/203.png', 'girafarig', 2661, NULL, 1, 0, 2, '2021-04-04 08:41:52'),
(2662, 'Pomdepik', 'Gris', 204, 'https://raw.githubusercontent.com/PokeAPI/sprites/master/sprites/pokemon/204.png', 'pomdepik', 2662, NULL, 1, 0, 4, '2021-04-04 08:41:52'),
(2663, 'Foretress', 'Violet', 205, 'https://raw.githubusercontent.com/PokeAPI/sprites/master/sprites/pokemon/205.png', 'foretress', 2662, 2662, 2, 1, 3, '2021-04-05 08:41:24'),
(2664, 'Insolourdo', 'Jaune', 206, 'https://raw.githubusercontent.com/PokeAPI/sprites/master/sprites/pokemon/206.png', 'insolourdo', 2664, NULL, 1, 0, 2, '2021-04-04 08:41:52'),
(2665, 'Scorplane', 'Violet', 207, 'https://raw.githubusercontent.com/PokeAPI/sprites/master/sprites/pokemon/207.png', 'scorplane', 2665, NULL, 1, 0, 4, '2021-04-04 08:41:52'),
(2666, 'Steelix', 'Gris', 208, 'https://raw.githubusercontent.com/PokeAPI/sprites/master/sprites/pokemon/208.png', 'steelix', 2553, 2553, 2, 1, 3, '2021-04-05 08:41:25'),
(2667, 'Snubbull', 'Rose', 209, 'https://raw.githubusercontent.com/PokeAPI/sprites/master/sprites/pokemon/209.png', 'snubbull', 2667, NULL, 1, 0, 4, '2021-04-04 08:41:52'),
(2668, 'Granbull', 'Violet', 210, 'https://raw.githubusercontent.com/PokeAPI/sprites/master/sprites/pokemon/210.png', 'granbull', 2667, 2667, 2, 1, 3, '2021-04-05 08:41:25'),
(2669, 'Qwilfish', 'Gris', 211, 'https://raw.githubusercontent.com/PokeAPI/sprites/master/sprites/pokemon/211.png', 'qwilfish', 2669, NULL, 1, 0, 2, '2021-04-04 08:41:52'),
(2670, 'Cizayox', 'Rouge', 212, 'https://raw.githubusercontent.com/PokeAPI/sprites/master/sprites/pokemon/212.png', 'cizayox', 2581, 2581, 2, 1, 3, '2021-04-05 08:41:26'),
(2671, 'Caratroc', 'Jaune', 213, 'https://raw.githubusercontent.com/PokeAPI/sprites/master/sprites/pokemon/213.png', 'caratroc', 2671, NULL, 1, 0, 2, '2021-04-04 08:41:52'),
(2672, 'Scarhino', 'Bleu', 214, 'https://raw.githubusercontent.com/PokeAPI/sprites/master/sprites/pokemon/214.png', 'scarhino', 2672, NULL, 1, 0, 2, '2021-04-04 08:41:52'),
(2673, 'Farfuret', 'Noir', 215, 'https://raw.githubusercontent.com/PokeAPI/sprites/master/sprites/pokemon/215.png', 'farfuret', 2673, NULL, 1, 0, 4, '2021-04-04 08:41:52'),
(2674, 'Teddiursa', 'Brun', 216, 'https://raw.githubusercontent.com/PokeAPI/sprites/master/sprites/pokemon/216.png', 'teddiursa', 2674, NULL, 1, 0, 4, '2021-04-04 08:41:52'),
(2675, 'Ursaring', 'Brun', 217, 'https://raw.githubusercontent.com/PokeAPI/sprites/master/sprites/pokemon/217.png', 'ursaring', 2674, 2674, 2, 1, 3, '2021-04-05 08:41:26'),
(2676, 'Limagma', 'Rouge', 218, 'https://raw.githubusercontent.com/PokeAPI/sprites/master/sprites/pokemon/218.png', 'limagma', 2676, NULL, 1, 0, 4, '2021-04-04 08:41:52'),
(2677, 'Volcaropod', 'Rouge', 219, 'https://raw.githubusercontent.com/PokeAPI/sprites/master/sprites/pokemon/219.png', 'volcaropod', 2676, 2676, 2, 1, 3, '2021-04-05 08:41:27'),
(2678, 'Marcacrin', 'Brun', 220, 'https://raw.githubusercontent.com/PokeAPI/sprites/master/sprites/pokemon/220.png', 'marcacrin', 2678, NULL, 1, 0, 6, '2021-04-04 08:41:52'),
(2679, 'Cochignon', 'Brun', 221, 'https://raw.githubusercontent.com/PokeAPI/sprites/master/sprites/pokemon/221.png', 'cochignon', 2678, 2678, 2, 1, 5, '2021-04-05 08:41:27'),
(2680, 'Corayon', 'Rose', 222, 'https://raw.githubusercontent.com/PokeAPI/sprites/master/sprites/pokemon/222.png', 'corayon', 2680, NULL, 1, 0, 4, '2021-04-04 08:41:52'),
(2681, 'Rémoraid', 'Gris', 223, 'https://raw.githubusercontent.com/PokeAPI/sprites/master/sprites/pokemon/223.png', 'remoraid', 2681, NULL, 1, 0, 4, '2021-04-04 08:41:52'),
(2682, 'Octillery', 'Rouge', 224, 'https://raw.githubusercontent.com/PokeAPI/sprites/master/sprites/pokemon/224.png', 'octillery', 2681, 2681, 2, 1, 3, '2021-04-05 08:41:27'),
(2683, 'Cadoizo', 'Rouge', 225, 'https://raw.githubusercontent.com/PokeAPI/sprites/master/sprites/pokemon/225.png', 'cadoizo', 2683, NULL, 1, 0, 2, '2021-04-04 08:41:52'),
(2684, 'Démanta', 'Violet', 226, 'https://raw.githubusercontent.com/PokeAPI/sprites/master/sprites/pokemon/226.png', 'demanta', 3083, 3083, 2, 1, 3, '2021-04-05 08:41:27'),
(2685, 'Airmure', 'Gris', 227, 'https://raw.githubusercontent.com/PokeAPI/sprites/master/sprites/pokemon/227.png', 'airmure', 2685, NULL, 1, 0, 2, '2021-04-04 08:41:52'),
(2686, 'Malosse', 'Noir', 228, 'https://raw.githubusercontent.com/PokeAPI/sprites/master/sprites/pokemon/228.png', 'malosse', 2686, NULL, 1, 0, 4, '2021-04-04 08:41:52'),
(2687, 'Démolosse', 'Noir', 229, 'https://raw.githubusercontent.com/PokeAPI/sprites/master/sprites/pokemon/229.png', 'demolosse', 2686, 2686, 2, 1, 3, '2021-04-05 08:41:28'),
(2688, 'Hyporoi', 'Bleu', 230, 'https://raw.githubusercontent.com/PokeAPI/sprites/master/sprites/pokemon/230.png', 'hyporoi', 2574, 2575, 3, 2, 4, '2021-04-05 08:41:28'),
(2689, 'Phanpy', 'Bleu', 231, 'https://raw.githubusercontent.com/PokeAPI/sprites/master/sprites/pokemon/231.png', 'phanpy', 2689, NULL, 1, 0, 4, '2021-04-04 08:41:52'),
(2690, 'Donphan', 'Gris', 232, 'https://raw.githubusercontent.com/PokeAPI/sprites/master/sprites/pokemon/232.png', 'donphan', 2689, 2689, 2, 1, 3, '2021-04-05 08:41:28'),
(2691, 'Porygon2', 'Rouge', 233, 'https://raw.githubusercontent.com/PokeAPI/sprites/master/sprites/pokemon/233.png', 'porygon2', 2595, 2595, 2, 1, 5, '2021-04-05 08:41:28'),
(2692, 'Cerfrousse', 'Brun', 234, 'https://raw.githubusercontent.com/PokeAPI/sprites/master/sprites/pokemon/234.png', 'cerfrousse', 2692, NULL, 1, 0, 2, '2021-04-04 08:41:52'),
(2693, 'Queulorior', 'Blanc', 235, 'https://raw.githubusercontent.com/PokeAPI/sprites/master/sprites/pokemon/235.png', 'queulorior', 2693, NULL, 1, 0, 2, '2021-04-04 08:41:52'),
(2694, 'Debugant', 'Violet', 236, 'https://raw.githubusercontent.com/PokeAPI/sprites/master/sprites/pokemon/236.png', 'debugant', 2694, NULL, 1, 0, 8, '2021-04-04 08:41:52'),
(2695, 'Kapoera', 'Brun', 237, 'https://raw.githubusercontent.com/PokeAPI/sprites/master/sprites/pokemon/237.png', 'kapoera', 2694, 2694, 2, 1, 3, '2021-04-05 08:41:29'),
(2696, 'Lippouti', 'Rose', 238, 'https://raw.githubusercontent.com/PokeAPI/sprites/master/sprites/pokemon/238.png', 'lippouti', 2696, NULL, 1, 0, 4, '2021-04-04 08:41:52'),
(2697, 'Élekid', 'Jaune', 239, 'https://raw.githubusercontent.com/PokeAPI/sprites/master/sprites/pokemon/239.png', 'elekid', 2697, NULL, 1, 0, 6, '2021-04-04 08:41:52'),
(2698, 'Magby', 'Rouge', 240, 'https://raw.githubusercontent.com/PokeAPI/sprites/master/sprites/pokemon/240.png', 'magby', 2698, NULL, 1, 0, 6, '2021-04-04 08:41:52'),
(2699, 'Écrémeuh', 'Rose', 241, 'https://raw.githubusercontent.com/PokeAPI/sprites/master/sprites/pokemon/241.png', 'ecremeuh', 2699, NULL, 1, 0, 2, '2021-04-04 08:41:52'),
(2700, 'Leuphorie', 'Rose', 242, 'https://raw.githubusercontent.com/PokeAPI/sprites/master/sprites/pokemon/242.png', 'leuphorie', 3065, 2571, 3, 2, 4, '2021-04-05 08:41:29'),
(2701, 'Raikou', 'Jaune', 243, 'https://raw.githubusercontent.com/PokeAPI/sprites/master/sprites/pokemon/243.png', 'raikou', 2701, NULL, 1, 0, 2, '2021-04-04 08:41:52'),
(2702, 'Entei', 'Brun', 244, 'https://raw.githubusercontent.com/PokeAPI/sprites/master/sprites/pokemon/244.png', 'entei', 2702, NULL, 1, 0, 2, '2021-04-04 08:41:52'),
(2703, 'Suicune', 'Bleu', 245, 'https://raw.githubusercontent.com/PokeAPI/sprites/master/sprites/pokemon/245.png', 'suicune', 2703, NULL, 1, 0, 2, '2021-04-04 08:41:52'),
(2704, 'Embrylex', 'Vert', 246, 'https://raw.githubusercontent.com/PokeAPI/sprites/master/sprites/pokemon/246.png', 'embrylex', 2704, NULL, 1, 0, 6, '2021-04-04 08:41:52'),
(2705, 'Ymphect', 'Gris', 247, 'https://raw.githubusercontent.com/PokeAPI/sprites/master/sprites/pokemon/247.png', 'ymphect', 2704, 2704, 2, 1, 5, '2021-04-05 08:41:30'),
(2706, 'Tyranocif', 'Vert', 248, 'https://raw.githubusercontent.com/PokeAPI/sprites/master/sprites/pokemon/248.png', 'tyranocif', 2704, 2705, 3, 2, 4, '2021-04-05 08:41:30'),
(2707, 'Lugia', 'Blanc', 249, 'https://raw.githubusercontent.com/PokeAPI/sprites/master/sprites/pokemon/249.png', 'lugia', 2707, NULL, 1, 0, 2, '2021-04-04 08:41:52'),
(2708, 'Ho-Oh', 'Rouge', 250, 'https://raw.githubusercontent.com/PokeAPI/sprites/master/sprites/pokemon/250.png', 'ho-oh', 2708, NULL, 1, 0, 2, '2021-04-04 08:41:52'),
(2709, 'Celebi', 'Vert', 251, 'https://raw.githubusercontent.com/PokeAPI/sprites/master/sprites/pokemon/251.png', 'celebi', 2709, NULL, 1, 0, 2, '2021-04-04 08:41:52'),
(2710, 'Arcko', 'Vert', 252, 'https://raw.githubusercontent.com/PokeAPI/sprites/master/sprites/pokemon/252.png', 'arcko', 2710, NULL, 1, 0, 6, '2021-04-04 08:41:52'),
(2711, 'Massko', 'Vert', 253, 'https://raw.githubusercontent.com/PokeAPI/sprites/master/sprites/pokemon/253.png', 'massko', 2710, 2710, 2, 1, 5, '2021-04-05 08:41:31'),
(2712, 'Jungko', 'Vert', 254, 'https://raw.githubusercontent.com/PokeAPI/sprites/master/sprites/pokemon/254.png', 'jungko', 2710, 2711, 3, 2, 4, '2021-04-05 08:41:31'),
(2713, 'Poussifeu', 'Rouge', 255, 'https://raw.githubusercontent.com/PokeAPI/sprites/master/sprites/pokemon/255.png', 'poussifeu', 2713, NULL, 1, 0, 6, '2021-04-04 08:41:52'),
(2714, 'Galifeu', 'Rouge', 256, 'https://raw.githubusercontent.com/PokeAPI/sprites/master/sprites/pokemon/256.png', 'galifeu', 2713, 2713, 2, 1, 5, '2021-04-05 08:41:31'),
(2715, 'Braségali', 'Rouge', 257, 'https://raw.githubusercontent.com/PokeAPI/sprites/master/sprites/pokemon/257.png', 'brasegali', 2713, 2714, 3, 2, 4, '2021-04-05 08:41:31'),
(2716, 'Gobou', 'Bleu', 258, 'https://raw.githubusercontent.com/PokeAPI/sprites/master/sprites/pokemon/258.png', 'gobou', 2716, NULL, 1, 0, 6, '2021-04-04 08:41:52'),
(2717, 'Flobio', 'Bleu', 259, 'https://raw.githubusercontent.com/PokeAPI/sprites/master/sprites/pokemon/259.png', 'flobio', 2716, 2716, 2, 1, 5, '2021-04-05 08:41:31'),
(2718, 'Laggron', 'Bleu', 260, 'https://raw.githubusercontent.com/PokeAPI/sprites/master/sprites/pokemon/260.png', 'laggron', 2716, 2717, 3, 2, 4, '2021-04-05 08:41:32'),
(2719, 'Medhyèna', 'Gris', 261, 'https://raw.githubusercontent.com/PokeAPI/sprites/master/sprites/pokemon/261.png', 'medhyena', 2719, NULL, 1, 0, 4, '2021-04-04 08:41:52'),
(2720, 'Grahyèna', 'Gris', 262, 'https://raw.githubusercontent.com/PokeAPI/sprites/master/sprites/pokemon/262.png', 'grahyena', 2719, 2719, 2, 1, 3, '2021-04-05 08:41:32'),
(2721, 'Zigzaton', 'Brun', 263, 'https://raw.githubusercontent.com/PokeAPI/sprites/master/sprites/pokemon/263.png', 'zigzaton', 2721, NULL, 1, 0, 6, '2021-04-04 08:41:52'),
(2722, 'Linéon', 'Blanc', 264, 'https://raw.githubusercontent.com/PokeAPI/sprites/master/sprites/pokemon/264.png', 'lineon', 2721, 2721, 2, 1, 5, '2021-04-05 08:41:32'),
(2723, 'Chenipotte', 'Rouge', 265, 'https://raw.githubusercontent.com/PokeAPI/sprites/master/sprites/pokemon/265.png', 'chenipotte', 2723, NULL, 1, 0, 10, '2021-04-04 08:41:52'),
(2724, 'Armulys', 'Blanc', 266, 'https://raw.githubusercontent.com/PokeAPI/sprites/master/sprites/pokemon/266.png', 'armulys', 2723, 2723, 6, 1, 9, '2021-04-05 08:41:32'),
(2725, 'Charmillon', 'Jaune', 267, 'https://raw.githubusercontent.com/PokeAPI/sprites/master/sprites/pokemon/267.png', 'charmillon', 2723, 2724, 7, 2, 8, '2021-04-05 08:41:32'),
(2726, 'Blindalys', 'Violet', 268, 'https://raw.githubusercontent.com/PokeAPI/sprites/master/sprites/pokemon/268.png', 'blindalys', 2723, 2723, 2, 1, 5, '2021-04-05 08:41:33'),
(2727, 'Papinox', 'Vert', 269, 'https://raw.githubusercontent.com/PokeAPI/sprites/master/sprites/pokemon/269.png', 'papinox', 2723, 2726, 3, 2, 4, '2021-04-05 08:41:33'),
(2728, 'Nénupiot', 'Vert', 270, 'https://raw.githubusercontent.com/PokeAPI/sprites/master/sprites/pokemon/270.png', 'nenupiot', 2728, NULL, 1, 0, 6, '2021-04-04 08:41:52'),
(2729, 'Lombre', 'Vert', 271, 'https://raw.githubusercontent.com/PokeAPI/sprites/master/sprites/pokemon/271.png', 'lombre', 2728, 2728, 2, 1, 5, '2021-04-05 08:41:33'),
(2730, 'Ludicolo', 'Vert', 272, 'https://raw.githubusercontent.com/PokeAPI/sprites/master/sprites/pokemon/272.png', 'ludicolo', 2728, 2729, 3, 2, 4, '2021-04-05 08:41:33'),
(2731, 'Grainipiot', 'Brun', 273, 'https://raw.githubusercontent.com/PokeAPI/sprites/master/sprites/pokemon/273.png', 'grainipiot', 2731, NULL, 1, 0, 6, '2021-04-04 08:41:52'),
(2732, 'Pifeuil', 'Brun', 274, 'https://raw.githubusercontent.com/PokeAPI/sprites/master/sprites/pokemon/274.png', 'pifeuil', 2731, 2731, 2, 1, 5, '2021-04-05 08:41:33'),
(2733, 'Tengalice', 'Brun', 275, 'https://raw.githubusercontent.com/PokeAPI/sprites/master/sprites/pokemon/275.png', 'tengalice', 2731, 2732, 3, 2, 4, '2021-04-05 08:41:33'),
(2734, 'Nirondelle', 'Bleu', 276, 'https://raw.githubusercontent.com/PokeAPI/sprites/master/sprites/pokemon/276.png', 'nirondelle', 2734, NULL, 1, 0, 4, '2021-04-04 08:41:52'),
(2735, 'Hélédelle', 'Bleu', 277, 'https://raw.githubusercontent.com/PokeAPI/sprites/master/sprites/pokemon/277.png', 'heledelle', 2734, 2734, 2, 1, 3, '2021-04-05 08:41:34'),
(2736, 'Goélise', 'Blanc', 278, 'https://raw.githubusercontent.com/PokeAPI/sprites/master/sprites/pokemon/278.png', 'goelise', 2736, NULL, 1, 0, 4, '2021-04-04 08:41:52'),
(2737, 'Bekipan', 'Jaune', 279, 'https://raw.githubusercontent.com/PokeAPI/sprites/master/sprites/pokemon/279.png', 'bekipan', 2736, 2736, 2, 1, 3, '2021-04-05 08:41:34'),
(2738, 'Tarsal', 'Blanc', 280, 'https://raw.githubusercontent.com/PokeAPI/sprites/master/sprites/pokemon/280.png', 'tarsal', 2738, NULL, 1, 0, 8, '2021-04-04 08:41:52'),
(2739, 'Kirlia', 'Blanc', 281, 'https://raw.githubusercontent.com/PokeAPI/sprites/master/sprites/pokemon/281.png', 'kirlia', 2738, 2738, 2, 1, 7, '2021-04-05 08:41:34'),
(2740, 'Gardevoir', 'Blanc', 282, 'https://raw.githubusercontent.com/PokeAPI/sprites/master/sprites/pokemon/282.png', 'gardevoir', 2738, 2739, 5, 2, 6, '2021-04-05 08:41:34'),
(2741, 'Arakdo', 'Bleu', 283, 'https://raw.githubusercontent.com/PokeAPI/sprites/master/sprites/pokemon/283.png', 'arakdo', 2741, NULL, 1, 0, 4, '2021-04-04 08:41:52'),
(2742, 'Maskadra', 'Bleu', 284, 'https://raw.githubusercontent.com/PokeAPI/sprites/master/sprites/pokemon/284.png', 'maskadra', 2741, 2741, 2, 1, 3, '2021-04-05 08:41:35'),
(2743, 'Balignon', 'Brun', 285, 'https://raw.githubusercontent.com/PokeAPI/sprites/master/sprites/pokemon/285.png', 'balignon', 2743, NULL, 1, 0, 4, '2021-04-04 08:41:52'),
(2744, 'Chapignon', 'Vert', 286, 'https://raw.githubusercontent.com/PokeAPI/sprites/master/sprites/pokemon/286.png', 'chapignon', 2743, 2743, 2, 1, 3, '2021-04-05 08:41:35'),
(2745, 'Parecool', 'Brun', 287, 'https://raw.githubusercontent.com/PokeAPI/sprites/master/sprites/pokemon/287.png', 'parecool', 2745, NULL, 1, 0, 6, '2021-04-04 08:41:52'),
(2746, 'Vigoroth', 'Blanc', 288, 'https://raw.githubusercontent.com/PokeAPI/sprites/master/sprites/pokemon/288.png', 'vigoroth', 2745, 2745, 2, 1, 5, '2021-04-05 08:41:35'),
(2747, 'Monaflèmit', 'Brun', 289, 'https://raw.githubusercontent.com/PokeAPI/sprites/master/sprites/pokemon/289.png', 'monaflemit', 2745, 2746, 3, 2, 4, '2021-04-05 08:41:35'),
(2748, 'Ningale', 'Gris', 290, 'https://raw.githubusercontent.com/PokeAPI/sprites/master/sprites/pokemon/290.png', 'ningale', 2748, NULL, 1, 0, 6, '2021-04-04 08:41:52'),
(2749, 'Ninjask', 'Jaune', 291, 'https://raw.githubusercontent.com/PokeAPI/sprites/master/sprites/pokemon/291.png', 'ninjask', 2748, 2748, 4, 1, 5, '2021-04-05 08:41:35'),
(2750, 'Munja', 'Brun', 292, 'https://raw.githubusercontent.com/PokeAPI/sprites/master/sprites/pokemon/292.png', 'munja', 2748, 2748, 2, 1, 3, '2021-04-05 08:41:36');
INSERT INTO `pokemon` (`id`, `name`, `color`, `api_id`, `image`, `slug`, `tree_root`, `parent_id`, `lft`, `lvl`, `rgt`, `updated_at`) VALUES
(2751, 'Chuchmur', 'Rose', 293, 'https://raw.githubusercontent.com/PokeAPI/sprites/master/sprites/pokemon/293.png', 'chuchmur', 2751, NULL, 1, 0, 6, '2021-04-04 08:41:52'),
(2752, 'Ramboum', 'Bleu', 294, 'https://raw.githubusercontent.com/PokeAPI/sprites/master/sprites/pokemon/294.png', 'ramboum', 2751, 2751, 2, 1, 5, '2021-04-05 08:41:36'),
(2753, 'Brouhabam', 'Bleu', 295, 'https://raw.githubusercontent.com/PokeAPI/sprites/master/sprites/pokemon/295.png', 'brouhabam', 2751, 2752, 3, 2, 4, '2021-04-05 08:41:36'),
(2754, 'Makuhita', 'Jaune', 296, 'https://raw.githubusercontent.com/PokeAPI/sprites/master/sprites/pokemon/296.png', 'makuhita', 2754, NULL, 1, 0, 4, '2021-04-04 08:41:52'),
(2755, 'Hariyama', 'Brun', 297, 'https://raw.githubusercontent.com/PokeAPI/sprites/master/sprites/pokemon/297.png', 'hariyama', 2754, 2754, 2, 1, 3, '2021-04-05 08:41:36'),
(2756, 'Azurill', 'Bleu', 298, 'https://raw.githubusercontent.com/PokeAPI/sprites/master/sprites/pokemon/298.png', 'azurill', 2756, NULL, 1, 0, 6, '2021-04-04 08:41:52'),
(2757, 'Tarinor', 'Gris', 299, 'https://raw.githubusercontent.com/PokeAPI/sprites/master/sprites/pokemon/299.png', 'tarinor', 2757, NULL, 1, 0, 4, '2021-04-04 08:41:52'),
(2758, 'Skitty', 'Rose', 300, 'https://raw.githubusercontent.com/PokeAPI/sprites/master/sprites/pokemon/300.png', 'skitty', 2758, NULL, 1, 0, 4, '2021-04-04 08:41:52'),
(2928, 'Ténéfix', 'Violet', 302, 'https://raw.githubusercontent.com/PokeAPI/sprites/master/sprites/pokemon/302.png', 'tenefix', 2928, NULL, 1, 0, 2, '2021-04-04 08:41:52'),
(2929, 'Mysdibule', 'Noir', 303, 'https://raw.githubusercontent.com/PokeAPI/sprites/master/sprites/pokemon/303.png', 'mysdibule', 2929, NULL, 1, 0, 2, '2021-04-04 08:41:52'),
(2930, 'Galekid', 'Gris', 304, 'https://raw.githubusercontent.com/PokeAPI/sprites/master/sprites/pokemon/304.png', 'galekid', 2930, NULL, 1, 0, 6, '2021-04-04 08:41:52'),
(2931, 'Galegon', 'Gris', 305, 'https://raw.githubusercontent.com/PokeAPI/sprites/master/sprites/pokemon/305.png', 'galegon', 2930, 2930, 2, 1, 5, '2021-04-05 08:41:37'),
(2932, 'Galeking', 'Gris', 306, 'https://raw.githubusercontent.com/PokeAPI/sprites/master/sprites/pokemon/306.png', 'galeking', 2930, 2931, 3, 2, 4, '2021-04-05 08:41:37'),
(2933, 'Méditikka', 'Bleu', 307, 'https://raw.githubusercontent.com/PokeAPI/sprites/master/sprites/pokemon/307.png', 'meditikka', 2933, NULL, 1, 0, 4, '2021-04-04 08:41:52'),
(2934, 'Charmina', 'Rouge', 308, 'https://raw.githubusercontent.com/PokeAPI/sprites/master/sprites/pokemon/308.png', 'charmina', 2933, 2933, 2, 1, 3, '2021-04-05 08:41:37'),
(2935, 'Dynavolt', 'Vert', 309, 'https://raw.githubusercontent.com/PokeAPI/sprites/master/sprites/pokemon/309.png', 'dynavolt', 2935, NULL, 1, 0, 4, '2021-04-04 08:41:52'),
(2936, 'Élecsprint', 'Jaune', 310, 'https://raw.githubusercontent.com/PokeAPI/sprites/master/sprites/pokemon/310.png', 'elecsprint', 2935, 2935, 2, 1, 3, '2021-04-05 08:41:37'),
(2937, 'Posipi', 'Jaune', 311, 'https://raw.githubusercontent.com/PokeAPI/sprites/master/sprites/pokemon/311.png', 'posipi', 2937, NULL, 1, 0, 2, '2021-04-04 08:41:52'),
(2938, 'Négapi', 'Jaune', 312, 'https://raw.githubusercontent.com/PokeAPI/sprites/master/sprites/pokemon/312.png', 'negapi', 2938, NULL, 1, 0, 2, '2021-04-04 08:41:52'),
(2939, 'Muciole', 'Gris', 313, 'https://raw.githubusercontent.com/PokeAPI/sprites/master/sprites/pokemon/313.png', 'muciole', 2939, NULL, 1, 0, 2, '2021-04-04 08:41:52'),
(2940, 'Lumivole', 'Violet', 314, 'https://raw.githubusercontent.com/PokeAPI/sprites/master/sprites/pokemon/314.png', 'lumivole', 2940, NULL, 1, 0, 2, '2021-04-04 08:41:52'),
(2941, 'Rosélia', 'Vert', 315, 'https://raw.githubusercontent.com/PokeAPI/sprites/master/sprites/pokemon/315.png', 'roselia', 3032, 3032, 2, 1, 5, '2021-04-05 08:41:38'),
(2942, 'Gloupti', 'Vert', 316, 'https://raw.githubusercontent.com/PokeAPI/sprites/master/sprites/pokemon/316.png', 'gloupti', 2942, NULL, 1, 0, 4, '2021-04-04 08:41:52'),
(2943, 'Avaltout', 'Violet', 317, 'https://raw.githubusercontent.com/PokeAPI/sprites/master/sprites/pokemon/317.png', 'avaltout', 2942, 2942, 2, 1, 3, '2021-04-05 08:41:38'),
(2944, 'Carvanha', 'Rouge', 318, 'https://raw.githubusercontent.com/PokeAPI/sprites/master/sprites/pokemon/318.png', 'carvanha', 2944, NULL, 1, 0, 4, '2021-04-04 08:41:52'),
(2945, 'Sharpedo', 'Bleu', 319, 'https://raw.githubusercontent.com/PokeAPI/sprites/master/sprites/pokemon/319.png', 'sharpedo', 2944, 2944, 2, 1, 3, '2021-04-05 08:41:38'),
(2946, 'Wailmer', 'Bleu', 320, 'https://raw.githubusercontent.com/PokeAPI/sprites/master/sprites/pokemon/320.png', 'wailmer', 2946, NULL, 1, 0, 4, '2021-04-04 08:41:52'),
(2947, 'Wailord', 'Bleu', 321, 'https://raw.githubusercontent.com/PokeAPI/sprites/master/sprites/pokemon/321.png', 'wailord', 2946, 2946, 2, 1, 3, '2021-04-05 08:41:38'),
(2948, 'Chamallot', 'Jaune', 322, 'https://raw.githubusercontent.com/PokeAPI/sprites/master/sprites/pokemon/322.png', 'chamallot', 2948, NULL, 1, 0, 4, '2021-04-04 08:41:52'),
(2949, 'Camérupt', 'Rouge', 323, 'https://raw.githubusercontent.com/PokeAPI/sprites/master/sprites/pokemon/323.png', 'camerupt', 2948, 2948, 2, 1, 3, '2021-04-05 08:41:39'),
(2950, 'Chartor', 'Brun', 324, 'https://raw.githubusercontent.com/PokeAPI/sprites/master/sprites/pokemon/324.png', 'chartor', 2950, NULL, 1, 0, 2, '2021-04-04 08:41:52'),
(2951, 'Spoink', 'Noir', 325, 'https://raw.githubusercontent.com/PokeAPI/sprites/master/sprites/pokemon/325.png', 'spoink', 2951, NULL, 1, 0, 4, '2021-04-04 08:41:52'),
(2952, 'Groret', 'Violet', 326, 'https://raw.githubusercontent.com/PokeAPI/sprites/master/sprites/pokemon/326.png', 'groret', 2951, 2951, 2, 1, 3, '2021-04-05 08:41:39'),
(2953, 'Spinda', 'Brun', 327, 'https://raw.githubusercontent.com/PokeAPI/sprites/master/sprites/pokemon/327.png', 'spinda', 2953, NULL, 1, 0, 2, '2021-04-04 08:41:52'),
(2954, 'Kraknoix', 'Brun', 328, 'https://raw.githubusercontent.com/PokeAPI/sprites/master/sprites/pokemon/328.png', 'kraknoix', 2954, NULL, 1, 0, 6, '2021-04-04 08:41:52'),
(2955, 'Vibraninf', 'Vert', 329, 'https://raw.githubusercontent.com/PokeAPI/sprites/master/sprites/pokemon/329.png', 'vibraninf', 2954, 2954, 2, 1, 5, '2021-04-05 08:41:39'),
(2956, 'Libégon', 'Vert', 330, 'https://raw.githubusercontent.com/PokeAPI/sprites/master/sprites/pokemon/330.png', 'libegon', 2954, 2955, 3, 2, 4, '2021-04-05 08:41:39'),
(2957, 'Cacnea', 'Vert', 331, 'https://raw.githubusercontent.com/PokeAPI/sprites/master/sprites/pokemon/331.png', 'cacnea', 2957, NULL, 1, 0, 4, '2021-04-04 08:41:52'),
(2958, 'Cacturne', 'Vert', 332, 'https://raw.githubusercontent.com/PokeAPI/sprites/master/sprites/pokemon/332.png', 'cacturne', 2957, 2957, 2, 1, 3, '2021-04-05 08:41:40'),
(2959, 'Tylton', 'Bleu', 333, 'https://raw.githubusercontent.com/PokeAPI/sprites/master/sprites/pokemon/333.png', 'tylton', 2959, NULL, 1, 0, 4, '2021-04-04 08:41:52'),
(2960, 'Altaria', 'Bleu', 334, 'https://raw.githubusercontent.com/PokeAPI/sprites/master/sprites/pokemon/334.png', 'altaria', 2959, 2959, 2, 1, 3, '2021-04-05 08:41:40'),
(2961, 'Mangriff', 'Blanc', 335, 'https://raw.githubusercontent.com/PokeAPI/sprites/master/sprites/pokemon/335.png', 'mangriff', 2961, NULL, 1, 0, 2, '2021-04-04 08:41:52'),
(2962, 'Séviper', 'Noir', 336, 'https://raw.githubusercontent.com/PokeAPI/sprites/master/sprites/pokemon/336.png', 'seviper', 2962, NULL, 1, 0, 2, '2021-04-04 08:41:52'),
(2963, 'Séléroc', 'Jaune', 337, 'https://raw.githubusercontent.com/PokeAPI/sprites/master/sprites/pokemon/337.png', 'seleroc', 2963, NULL, 1, 0, 2, '2021-04-04 08:41:52'),
(2964, 'Solaroc', 'Rouge', 338, 'https://raw.githubusercontent.com/PokeAPI/sprites/master/sprites/pokemon/338.png', 'solaroc', 2964, NULL, 1, 0, 2, '2021-04-04 08:41:52'),
(2965, 'Barloche', 'Gris', 339, 'https://raw.githubusercontent.com/PokeAPI/sprites/master/sprites/pokemon/339.png', 'barloche', 2965, NULL, 1, 0, 4, '2021-04-04 08:41:52'),
(2966, 'Barbicha', 'Bleu', 340, 'https://raw.githubusercontent.com/PokeAPI/sprites/master/sprites/pokemon/340.png', 'barbicha', 2965, 2965, 2, 1, 3, '2021-04-05 08:41:40'),
(2967, 'Écrapince', 'Rouge', 341, 'https://raw.githubusercontent.com/PokeAPI/sprites/master/sprites/pokemon/341.png', 'ecrapince', 2967, NULL, 1, 0, 4, '2021-04-04 08:41:52'),
(2968, 'Colhomard', 'Rouge', 342, 'https://raw.githubusercontent.com/PokeAPI/sprites/master/sprites/pokemon/342.png', 'colhomard', 2967, 2967, 2, 1, 3, '2021-04-05 08:41:41'),
(2969, 'Balbuto', 'Brun', 343, 'https://raw.githubusercontent.com/PokeAPI/sprites/master/sprites/pokemon/343.png', 'balbuto', 2969, NULL, 1, 0, 4, '2021-04-04 08:41:52'),
(2970, 'Kaorine', 'Noir', 344, 'https://raw.githubusercontent.com/PokeAPI/sprites/master/sprites/pokemon/344.png', 'kaorine', 2969, 2969, 2, 1, 3, '2021-04-05 08:41:42'),
(2971, 'Lilia', 'Violet', 345, 'https://raw.githubusercontent.com/PokeAPI/sprites/master/sprites/pokemon/345.png', 'lilia', 2971, NULL, 1, 0, 4, '2021-04-04 08:41:52'),
(2972, 'Vacilys', 'Vert', 346, 'https://raw.githubusercontent.com/PokeAPI/sprites/master/sprites/pokemon/346.png', 'vacilys', 2971, 2971, 2, 1, 3, '2021-04-05 08:41:42'),
(2973, 'Anorith', 'Gris', 347, 'https://raw.githubusercontent.com/PokeAPI/sprites/master/sprites/pokemon/347.png', 'anorith', 2973, NULL, 1, 0, 4, '2021-04-04 08:41:52'),
(2974, 'Armaldo', 'Gris', 348, 'https://raw.githubusercontent.com/PokeAPI/sprites/master/sprites/pokemon/348.png', 'armaldo', 2973, 2973, 2, 1, 3, '2021-04-05 08:41:42'),
(2975, 'Barpau', 'Brun', 349, 'https://raw.githubusercontent.com/PokeAPI/sprites/master/sprites/pokemon/349.png', 'barpau', 2975, NULL, 1, 0, 4, '2021-04-04 08:41:52'),
(2976, 'Milobellus', 'Rose', 350, 'https://raw.githubusercontent.com/PokeAPI/sprites/master/sprites/pokemon/350.png', 'milobellus', 2975, 2975, 2, 1, 3, '2021-04-05 08:41:43'),
(2977, 'Morphéo', 'Gris', 351, 'https://raw.githubusercontent.com/PokeAPI/sprites/master/sprites/pokemon/351.png', 'morpheo', 2977, NULL, 1, 0, 2, '2021-04-04 08:41:52'),
(2978, 'Kecleon', 'Vert', 352, 'https://raw.githubusercontent.com/PokeAPI/sprites/master/sprites/pokemon/352.png', 'kecleon', 2978, NULL, 1, 0, 2, '2021-04-04 08:41:52'),
(2979, 'Polichombr', 'Noir', 353, 'https://raw.githubusercontent.com/PokeAPI/sprites/master/sprites/pokemon/353.png', 'polichombr', 2979, NULL, 1, 0, 4, '2021-04-04 08:41:52'),
(2980, 'Branette', 'Noir', 354, 'https://raw.githubusercontent.com/PokeAPI/sprites/master/sprites/pokemon/354.png', 'branette', 2979, 2979, 2, 1, 3, '2021-04-05 08:41:44'),
(2981, 'Skelénox', 'Noir', 355, 'https://raw.githubusercontent.com/PokeAPI/sprites/master/sprites/pokemon/355.png', 'skelenox', 2981, NULL, 1, 0, 6, '2021-04-04 08:41:52'),
(2982, 'Téraclope', 'Noir', 356, 'https://raw.githubusercontent.com/PokeAPI/sprites/master/sprites/pokemon/356.png', 'teraclope', 2981, 2981, 2, 1, 5, '2021-04-05 08:41:44'),
(2983, 'Tropius', 'Vert', 357, 'https://raw.githubusercontent.com/PokeAPI/sprites/master/sprites/pokemon/357.png', 'tropius', 2983, NULL, 1, 0, 2, '2021-04-04 08:41:52'),
(2984, 'Éoko', 'Bleu', 358, 'https://raw.githubusercontent.com/PokeAPI/sprites/master/sprites/pokemon/358.png', 'eoko', 3058, 3058, 2, 1, 3, '2021-04-05 08:41:44'),
(2985, 'Absol', 'Blanc', 359, 'https://raw.githubusercontent.com/PokeAPI/sprites/master/sprites/pokemon/359.png', 'absol', 2985, NULL, 1, 0, 2, '2021-04-04 08:41:52'),
(2986, 'Okéoké', 'Bleu', 360, 'https://raw.githubusercontent.com/PokeAPI/sprites/master/sprites/pokemon/360.png', 'okeoke', 2986, NULL, 1, 0, 4, '2021-04-04 08:41:52'),
(2987, 'Stalgamin', 'Gris', 361, 'https://raw.githubusercontent.com/PokeAPI/sprites/master/sprites/pokemon/361.png', 'stalgamin', 2987, NULL, 1, 0, 6, '2021-04-04 08:41:52'),
(2988, 'Oniglali', 'Gris', 362, 'https://raw.githubusercontent.com/PokeAPI/sprites/master/sprites/pokemon/362.png', 'oniglali', 2987, 2987, 4, 1, 5, '2021-04-05 08:41:45'),
(2989, 'Obalie', 'Bleu', 363, 'https://raw.githubusercontent.com/PokeAPI/sprites/master/sprites/pokemon/363.png', 'obalie', 2989, NULL, 1, 0, 6, '2021-04-04 08:41:52'),
(2990, 'Phogleur', 'Bleu', 364, 'https://raw.githubusercontent.com/PokeAPI/sprites/master/sprites/pokemon/364.png', 'phogleur', 2989, 2989, 2, 1, 5, '2021-04-05 08:41:45'),
(2991, 'Kaimorse', 'Bleu', 365, 'https://raw.githubusercontent.com/PokeAPI/sprites/master/sprites/pokemon/365.png', 'kaimorse', 2989, 2990, 3, 2, 4, '2021-04-05 08:41:46'),
(2992, 'Coquiperl', 'Bleu', 366, 'https://raw.githubusercontent.com/PokeAPI/sprites/master/sprites/pokemon/366.png', 'coquiperl', 2992, NULL, 1, 0, 6, '2021-04-04 08:41:52'),
(2993, 'Serpang', 'Bleu', 367, 'https://raw.githubusercontent.com/PokeAPI/sprites/master/sprites/pokemon/367.png', 'serpang', 2992, 2992, 4, 1, 5, '2021-04-05 08:41:46'),
(2994, 'Rosabyss', 'Rose', 368, 'https://raw.githubusercontent.com/PokeAPI/sprites/master/sprites/pokemon/368.png', 'rosabyss', 2992, 2992, 2, 1, 3, '2021-04-05 08:41:47'),
(2995, 'Relicanth', 'Gris', 369, 'https://raw.githubusercontent.com/PokeAPI/sprites/master/sprites/pokemon/369.png', 'relicanth', 2995, NULL, 1, 0, 2, '2021-04-04 08:41:52'),
(2996, 'Lovdisc', 'Rose', 370, 'https://raw.githubusercontent.com/PokeAPI/sprites/master/sprites/pokemon/370.png', 'lovdisc', 2996, NULL, 1, 0, 2, '2021-04-04 08:41:52'),
(2997, 'Draby', 'Bleu', 371, 'https://raw.githubusercontent.com/PokeAPI/sprites/master/sprites/pokemon/371.png', 'draby', 2997, NULL, 1, 0, 6, '2021-04-04 08:41:52'),
(2998, 'Drackhaus', 'Blanc', 372, 'https://raw.githubusercontent.com/PokeAPI/sprites/master/sprites/pokemon/372.png', 'drackhaus', 2997, 2997, 2, 1, 5, '2021-04-05 08:41:47'),
(2999, 'Drattak', 'Bleu', 373, 'https://raw.githubusercontent.com/PokeAPI/sprites/master/sprites/pokemon/373.png', 'drattak', 2997, 2998, 3, 2, 4, '2021-04-05 08:41:47'),
(3000, 'Terhal', 'Bleu', 374, 'https://raw.githubusercontent.com/PokeAPI/sprites/master/sprites/pokemon/374.png', 'terhal', 3000, NULL, 1, 0, 6, '2021-04-04 08:41:52'),
(3001, 'Métang', 'Bleu', 375, 'https://raw.githubusercontent.com/PokeAPI/sprites/master/sprites/pokemon/375.png', 'metang', 3000, 3000, 2, 1, 5, '2021-04-05 08:41:48'),
(3002, 'Métalosse', 'Bleu', 376, 'https://raw.githubusercontent.com/PokeAPI/sprites/master/sprites/pokemon/376.png', 'metalosse', 3000, 3001, 3, 2, 4, '2021-04-05 08:41:48'),
(3003, 'Regirock', 'Brun', 377, 'https://raw.githubusercontent.com/PokeAPI/sprites/master/sprites/pokemon/377.png', 'regirock', 3003, NULL, 1, 0, 2, '2021-04-04 08:41:52'),
(3004, 'Regice', 'Bleu', 378, 'https://raw.githubusercontent.com/PokeAPI/sprites/master/sprites/pokemon/378.png', 'regice', 3004, NULL, 1, 0, 2, '2021-04-04 08:41:52'),
(3005, 'Registeel', 'Gris', 379, 'https://raw.githubusercontent.com/PokeAPI/sprites/master/sprites/pokemon/379.png', 'registeel', 3005, NULL, 1, 0, 2, '2021-04-04 08:41:52'),
(3006, 'Latias', 'Rouge', 380, 'https://raw.githubusercontent.com/PokeAPI/sprites/master/sprites/pokemon/380.png', 'latias', 3006, NULL, 1, 0, 2, '2021-04-04 08:41:52'),
(3007, 'Latios', 'Bleu', 381, 'https://raw.githubusercontent.com/PokeAPI/sprites/master/sprites/pokemon/381.png', 'latios', 3007, NULL, 1, 0, 2, '2021-04-04 08:41:52'),
(3008, 'Kyogre', 'Bleu', 382, 'https://raw.githubusercontent.com/PokeAPI/sprites/master/sprites/pokemon/382.png', 'kyogre', 3008, NULL, 1, 0, 2, '2021-04-04 08:41:52'),
(3009, 'Groudon', 'Rouge', 383, 'https://raw.githubusercontent.com/PokeAPI/sprites/master/sprites/pokemon/383.png', 'groudon', 3009, NULL, 1, 0, 2, '2021-04-04 08:41:52'),
(3010, 'Rayquaza', 'Vert', 384, 'https://raw.githubusercontent.com/PokeAPI/sprites/master/sprites/pokemon/384.png', 'rayquaza', 3010, NULL, 1, 0, 2, '2021-04-04 08:41:52'),
(3011, 'Jirachi', 'Jaune', 385, 'https://raw.githubusercontent.com/PokeAPI/sprites/master/sprites/pokemon/385.png', 'jirachi', 3011, NULL, 1, 0, 2, '2021-04-04 08:41:52'),
(3012, 'Delcatty', 'Violet', 301, 'https://raw.githubusercontent.com/PokeAPI/sprites/master/sprites/pokemon/301.png', 'delcatty', 2758, 2758, 2, 1, 3, '2021-04-05 08:41:49'),
(3013, 'Tortipouss', 'Vert', 387, 'https://raw.githubusercontent.com/PokeAPI/sprites/master/sprites/pokemon/387.png', 'tortipouss', 3013, NULL, 1, 0, 6, '2021-04-04 08:41:52'),
(3014, 'Boskara', 'Vert', 388, 'https://raw.githubusercontent.com/PokeAPI/sprites/master/sprites/pokemon/388.png', 'boskara', 3013, 3013, 2, 1, 5, '2021-04-05 08:41:49'),
(3015, 'Torterra', 'Vert', 389, 'https://raw.githubusercontent.com/PokeAPI/sprites/master/sprites/pokemon/389.png', 'torterra', 3013, 3014, 3, 2, 4, '2021-04-05 08:41:50'),
(3016, 'Ouisticram', 'Brun', 390, 'https://raw.githubusercontent.com/PokeAPI/sprites/master/sprites/pokemon/390.png', 'ouisticram', 3016, NULL, 1, 0, 6, '2021-04-04 08:41:52'),
(3017, 'Chimpenfeu', 'Brun', 391, 'https://raw.githubusercontent.com/PokeAPI/sprites/master/sprites/pokemon/391.png', 'chimpenfeu', 3016, 3016, 2, 1, 5, '2021-04-05 08:41:50'),
(3018, 'Simiabraz', 'Brun', 392, 'https://raw.githubusercontent.com/PokeAPI/sprites/master/sprites/pokemon/392.png', 'simiabraz', 3016, 3017, 3, 2, 4, '2021-04-05 08:41:50'),
(3019, 'Tiplouf', 'Bleu', 393, 'https://raw.githubusercontent.com/PokeAPI/sprites/master/sprites/pokemon/393.png', 'tiplouf', 3019, NULL, 1, 0, 6, '2021-04-04 08:41:52'),
(3020, 'Prinplouf', 'Bleu', 394, 'https://raw.githubusercontent.com/PokeAPI/sprites/master/sprites/pokemon/394.png', 'prinplouf', 3019, 3019, 2, 1, 5, '2021-04-05 08:41:50'),
(3021, 'Pingoléon', 'Bleu', 395, 'https://raw.githubusercontent.com/PokeAPI/sprites/master/sprites/pokemon/395.png', 'pingoleon', 3019, 3020, 3, 2, 4, '2021-04-05 08:41:50'),
(3022, 'Étourmi', 'Brun', 396, 'https://raw.githubusercontent.com/PokeAPI/sprites/master/sprites/pokemon/396.png', 'etourmi', 3022, NULL, 1, 0, 6, '2021-04-04 08:41:52'),
(3023, 'Étourvol', 'Brun', 397, 'https://raw.githubusercontent.com/PokeAPI/sprites/master/sprites/pokemon/397.png', 'etourvol', 3022, 3022, 2, 1, 5, '2021-04-05 08:41:51'),
(3024, 'Étouraptor', 'Brun', 398, 'https://raw.githubusercontent.com/PokeAPI/sprites/master/sprites/pokemon/398.png', 'etouraptor', 3022, 3023, 3, 2, 4, '2021-04-05 08:41:51'),
(3025, 'Keunotor', 'Brun', 399, 'https://raw.githubusercontent.com/PokeAPI/sprites/master/sprites/pokemon/399.png', 'keunotor', 3025, NULL, 1, 0, 4, '2021-04-04 08:41:52'),
(3026, 'Castorno', 'Brun', 400, 'https://raw.githubusercontent.com/PokeAPI/sprites/master/sprites/pokemon/400.png', 'castorno', 3025, 3025, 2, 1, 3, '2021-04-05 08:41:51'),
(3027, 'Crikzik', 'Rouge', 401, 'https://raw.githubusercontent.com/PokeAPI/sprites/master/sprites/pokemon/401.png', 'crikzik', 3027, NULL, 1, 0, 4, '2021-04-04 08:41:52'),
(3028, 'Mélokrik', 'Rouge', 402, 'https://raw.githubusercontent.com/PokeAPI/sprites/master/sprites/pokemon/402.png', 'melokrik', 3027, 3027, 2, 1, 3, '2021-04-05 08:41:51'),
(3029, 'Lixy', 'Bleu', 403, 'https://raw.githubusercontent.com/PokeAPI/sprites/master/sprites/pokemon/403.png', 'lixy', 3029, NULL, 1, 0, 6, '2021-04-04 08:41:52'),
(3030, 'Luxio', 'Bleu', 404, 'https://raw.githubusercontent.com/PokeAPI/sprites/master/sprites/pokemon/404.png', 'luxio', 3029, 3029, 2, 1, 5, '2021-04-05 08:41:51'),
(3031, 'Luxray', 'Bleu', 405, 'https://raw.githubusercontent.com/PokeAPI/sprites/master/sprites/pokemon/405.png', 'luxray', 3029, 3030, 3, 2, 4, '2021-04-05 08:41:52'),
(3032, 'Rozbouton', 'Vert', 406, 'https://raw.githubusercontent.com/PokeAPI/sprites/master/sprites/pokemon/406.png', 'rozbouton', 3032, NULL, 1, 0, 6, '2021-04-04 08:41:52'),
(3033, 'Roserade', 'Vert', 407, 'https://raw.githubusercontent.com/PokeAPI/sprites/master/sprites/pokemon/407.png', 'roserade', 3032, 2941, 3, 2, 4, '2021-04-05 08:41:52'),
(3034, 'Kranidos', 'Bleu', 408, 'https://raw.githubusercontent.com/PokeAPI/sprites/master/sprites/pokemon/408.png', 'kranidos', 3034, NULL, 1, 0, 4, '2021-04-04 08:41:52'),
(3035, 'Charkos', 'Bleu', 409, 'https://raw.githubusercontent.com/PokeAPI/sprites/master/sprites/pokemon/409.png', 'charkos', 3034, 3034, 2, 1, 3, '2021-04-05 08:41:52'),
(3036, 'Dinoclier', 'Gris', 410, 'https://raw.githubusercontent.com/PokeAPI/sprites/master/sprites/pokemon/410.png', 'dinoclier', 3036, NULL, 1, 0, 4, '2021-04-04 08:41:52'),
(3037, 'Bastiodon', 'Gris', 411, 'https://raw.githubusercontent.com/PokeAPI/sprites/master/sprites/pokemon/411.png', 'bastiodon', 3036, 3036, 2, 1, 3, '2021-04-05 08:41:52'),
(3038, 'Cheniti', 'Vert', 412, 'https://raw.githubusercontent.com/PokeAPI/sprites/master/sprites/pokemon/412.png', 'cheniti', 3038, NULL, 1, 0, 6, '2021-04-04 08:41:52'),
(3039, 'Papilord', 'Jaune', 414, 'https://raw.githubusercontent.com/PokeAPI/sprites/master/sprites/pokemon/414.png', 'papilord', 3038, 3038, 4, 1, 5, '2021-04-05 08:41:52'),
(3040, 'Apitrini', 'Jaune', 415, 'https://raw.githubusercontent.com/PokeAPI/sprites/master/sprites/pokemon/415.png', 'apitrini', 3040, NULL, 1, 0, 4, '2021-04-04 08:41:52'),
(3041, 'Apireine', 'Jaune', 416, 'https://raw.githubusercontent.com/PokeAPI/sprites/master/sprites/pokemon/416.png', 'apireine', 3040, 3040, 2, 1, 3, '2021-04-05 08:41:53'),
(3042, 'Pachirisu', 'Blanc', 417, 'https://raw.githubusercontent.com/PokeAPI/sprites/master/sprites/pokemon/417.png', 'pachirisu', 3042, NULL, 1, 0, 2, '2021-04-04 08:41:52'),
(3043, 'Mustébouée', 'Brun', 418, 'https://raw.githubusercontent.com/PokeAPI/sprites/master/sprites/pokemon/418.png', 'mustebouee', 3043, NULL, 1, 0, 4, '2021-04-04 08:41:52'),
(3044, 'Mustéflott', 'Brun', 419, 'https://raw.githubusercontent.com/PokeAPI/sprites/master/sprites/pokemon/419.png', 'musteflott', 3043, 3043, 2, 1, 3, '2021-04-05 08:41:53'),
(3045, 'Ceribou', 'Rose', 420, 'https://raw.githubusercontent.com/PokeAPI/sprites/master/sprites/pokemon/420.png', 'ceribou', 3045, NULL, 1, 0, 4, '2021-04-04 08:41:52'),
(3046, 'Ceriflor', 'Violet', 421, 'https://raw.githubusercontent.com/PokeAPI/sprites/master/sprites/pokemon/421.png', 'ceriflor', 3045, 3045, 2, 1, 3, '2021-04-05 08:41:53'),
(3047, 'Sancoki', 'Violet', 422, 'https://raw.githubusercontent.com/PokeAPI/sprites/master/sprites/pokemon/422.png', 'sancoki', 3047, NULL, 1, 0, 4, '2021-04-04 08:41:52'),
(3048, 'Tritosor', 'Violet', 423, 'https://raw.githubusercontent.com/PokeAPI/sprites/master/sprites/pokemon/423.png', 'tritosor', 3047, 3047, 2, 1, 3, '2021-04-05 08:41:54'),
(3049, 'Capidextre', 'Violet', 424, 'https://raw.githubusercontent.com/PokeAPI/sprites/master/sprites/pokemon/424.png', 'capidextre', 2648, 2648, 2, 1, 3, '2021-04-05 08:41:54'),
(3050, 'Baudrive', 'Violet', 425, 'https://raw.githubusercontent.com/PokeAPI/sprites/master/sprites/pokemon/425.png', 'baudrive', 3050, NULL, 1, 0, 4, '2021-04-04 08:41:52'),
(3051, 'Grodrive', 'Violet', 426, 'https://raw.githubusercontent.com/PokeAPI/sprites/master/sprites/pokemon/426.png', 'grodrive', 3050, 3050, 2, 1, 3, '2021-04-05 08:41:54'),
(3052, 'Laporeille', 'Brun', 427, 'https://raw.githubusercontent.com/PokeAPI/sprites/master/sprites/pokemon/427.png', 'laporeille', 3052, NULL, 1, 0, 4, '2021-04-04 08:41:52'),
(3053, 'Lockpin', 'Brun', 428, 'https://raw.githubusercontent.com/PokeAPI/sprites/master/sprites/pokemon/428.png', 'lockpin', 3052, 3052, 2, 1, 3, '2021-04-05 08:41:54'),
(3054, 'Magirêve', 'Violet', 429, 'https://raw.githubusercontent.com/PokeAPI/sprites/master/sprites/pokemon/429.png', 'magireve', 2658, 2658, 2, 1, 3, '2021-04-05 08:41:54'),
(3055, 'Corboss', 'Noir', 430, 'https://raw.githubusercontent.com/PokeAPI/sprites/master/sprites/pokemon/430.png', 'corboss', 2656, 2656, 2, 1, 3, '2021-04-05 08:41:54'),
(3056, 'Chaglam', 'Gris', 431, 'https://raw.githubusercontent.com/PokeAPI/sprites/master/sprites/pokemon/431.png', 'chaglam', 3056, NULL, 1, 0, 4, '2021-04-04 08:41:52'),
(3057, 'Chaffreux', 'Gris', 432, 'https://raw.githubusercontent.com/PokeAPI/sprites/master/sprites/pokemon/432.png', 'chaffreux', 3056, 3056, 2, 1, 3, '2021-04-05 08:41:55'),
(3058, 'Korillon', 'Jaune', 433, 'https://raw.githubusercontent.com/PokeAPI/sprites/master/sprites/pokemon/433.png', 'korillon', 3058, NULL, 1, 0, 4, '2021-04-04 08:41:52'),
(3059, 'Moufouette', 'Violet', 434, 'https://raw.githubusercontent.com/PokeAPI/sprites/master/sprites/pokemon/434.png', 'moufouette', 3059, NULL, 1, 0, 4, '2021-04-04 08:41:52'),
(3060, 'Moufflair', 'Violet', 435, 'https://raw.githubusercontent.com/PokeAPI/sprites/master/sprites/pokemon/435.png', 'moufflair', 3059, 3059, 2, 1, 3, '2021-04-05 08:41:55'),
(3061, 'Archéomire', 'Vert', 436, 'https://raw.githubusercontent.com/PokeAPI/sprites/master/sprites/pokemon/436.png', 'archeomire', 3061, NULL, 1, 0, 4, '2021-04-04 08:41:52'),
(3062, 'Archéodong', 'Vert', 437, 'https://raw.githubusercontent.com/PokeAPI/sprites/master/sprites/pokemon/437.png', 'archeodong', 3061, 3061, 2, 1, 3, '2021-04-05 08:41:55'),
(3063, 'Manzaï', 'Brun', 438, 'https://raw.githubusercontent.com/PokeAPI/sprites/master/sprites/pokemon/438.png', 'manzai', 3063, NULL, 1, 0, 4, '2021-04-04 08:41:52'),
(3064, 'Mime Jr.', 'Rose', 439, 'https://raw.githubusercontent.com/PokeAPI/sprites/master/sprites/pokemon/439.png', 'mime-jr', 3064, NULL, 1, 0, 6, '2021-04-04 08:41:52'),
(3065, 'Ptiravi', 'Rose', 440, 'https://raw.githubusercontent.com/PokeAPI/sprites/master/sprites/pokemon/440.png', 'ptiravi', 3065, NULL, 1, 0, 6, '2021-04-04 08:41:52'),
(3066, 'Pijako', 'Noir', 441, 'https://raw.githubusercontent.com/PokeAPI/sprites/master/sprites/pokemon/441.png', 'pijako', 3066, NULL, 1, 0, 2, '2021-04-04 08:41:52'),
(3067, 'Spiritomb', 'Violet', 442, 'https://raw.githubusercontent.com/PokeAPI/sprites/master/sprites/pokemon/442.png', 'spiritomb', 3067, NULL, 1, 0, 2, '2021-04-04 08:41:52'),
(3068, 'Griknot', 'Bleu', 443, 'https://raw.githubusercontent.com/PokeAPI/sprites/master/sprites/pokemon/443.png', 'griknot', 3068, NULL, 1, 0, 6, '2021-04-04 08:41:52'),
(3069, 'Carmache', 'Bleu', 444, 'https://raw.githubusercontent.com/PokeAPI/sprites/master/sprites/pokemon/444.png', 'carmache', 3068, 3068, 2, 1, 5, '2021-04-05 08:41:56'),
(3070, 'Carchacrok', 'Bleu', 445, 'https://raw.githubusercontent.com/PokeAPI/sprites/master/sprites/pokemon/445.png', 'carchacrok', 3068, 3069, 3, 2, 4, '2021-04-05 08:41:56'),
(3071, 'Goinfrex', 'Noir', 446, 'https://raw.githubusercontent.com/PokeAPI/sprites/master/sprites/pokemon/446.png', 'goinfrex', 3071, NULL, 1, 0, 4, '2021-04-04 08:41:52'),
(3072, 'Riolu', 'Bleu', 447, 'https://raw.githubusercontent.com/PokeAPI/sprites/master/sprites/pokemon/447.png', 'riolu', 3072, NULL, 1, 0, 4, '2021-04-04 08:41:52'),
(3073, 'Lucario', 'Bleu', 448, 'https://raw.githubusercontent.com/PokeAPI/sprites/master/sprites/pokemon/448.png', 'lucario', 3072, 3072, 2, 1, 3, '2021-04-05 08:41:56'),
(3074, 'Hippopotas', 'Brun', 449, 'https://raw.githubusercontent.com/PokeAPI/sprites/master/sprites/pokemon/449.png', 'hippopotas', 3074, NULL, 1, 0, 4, '2021-04-04 08:41:52'),
(3075, 'Hippodocus', 'Brun', 450, 'https://raw.githubusercontent.com/PokeAPI/sprites/master/sprites/pokemon/450.png', 'hippodocus', 3074, 3074, 2, 1, 3, '2021-04-05 08:41:56'),
(3076, 'Rapion', 'Violet', 451, 'https://raw.githubusercontent.com/PokeAPI/sprites/master/sprites/pokemon/451.png', 'rapion', 3076, NULL, 1, 0, 4, '2021-04-04 08:41:52'),
(3077, 'Drascore', 'Violet', 452, 'https://raw.githubusercontent.com/PokeAPI/sprites/master/sprites/pokemon/452.png', 'drascore', 3076, 3076, 2, 1, 3, '2021-04-05 08:41:56'),
(3078, 'Cradopaud', 'Bleu', 453, 'https://raw.githubusercontent.com/PokeAPI/sprites/master/sprites/pokemon/453.png', 'cradopaud', 3078, NULL, 1, 0, 4, '2021-04-04 08:41:52'),
(3079, 'Coatox', 'Bleu', 454, 'https://raw.githubusercontent.com/PokeAPI/sprites/master/sprites/pokemon/454.png', 'coatox', 3078, 3078, 2, 1, 3, '2021-04-05 08:41:57'),
(3080, 'Vortente', 'Vert', 455, 'https://raw.githubusercontent.com/PokeAPI/sprites/master/sprites/pokemon/455.png', 'vortente', 3080, NULL, 1, 0, 2, '2021-04-04 08:41:52'),
(3081, 'Écayon', 'Bleu', 456, 'https://raw.githubusercontent.com/PokeAPI/sprites/master/sprites/pokemon/456.png', 'ecayon', 3081, NULL, 1, 0, 4, '2021-04-04 08:41:52'),
(3082, 'Luminéon', 'Bleu', 457, 'https://raw.githubusercontent.com/PokeAPI/sprites/master/sprites/pokemon/457.png', 'lumineon', 3081, 3081, 2, 1, 3, '2021-04-05 08:41:57'),
(3083, 'Babimanta', 'Bleu', 458, 'https://raw.githubusercontent.com/PokeAPI/sprites/master/sprites/pokemon/458.png', 'babimanta', 3083, NULL, 1, 0, 4, '2021-04-04 08:41:52'),
(3084, 'Blizzi', 'Blanc', 459, 'https://raw.githubusercontent.com/PokeAPI/sprites/master/sprites/pokemon/459.png', 'blizzi', 3084, NULL, 1, 0, 4, '2021-04-04 08:41:52'),
(3085, 'Blizzaroi', 'Blanc', 460, 'https://raw.githubusercontent.com/PokeAPI/sprites/master/sprites/pokemon/460.png', 'blizzaroi', 3084, 3084, 2, 1, 3, '2021-04-05 08:41:57'),
(3086, 'Dimoret', 'Noir', 461, 'https://raw.githubusercontent.com/PokeAPI/sprites/master/sprites/pokemon/461.png', 'dimoret', 2673, 2673, 2, 1, 3, '2021-04-05 08:41:57'),
(3087, 'Magnézone', 'Gris', 462, 'https://raw.githubusercontent.com/PokeAPI/sprites/master/sprites/pokemon/462.png', 'magnezone', 2539, 2540, 3, 2, 4, '2021-04-05 08:41:57'),
(3088, 'Coudlangue', 'Rose', 463, 'https://raw.githubusercontent.com/PokeAPI/sprites/master/sprites/pokemon/463.png', 'coudlangue', 2566, 2566, 2, 1, 3, '2021-04-05 08:41:58'),
(3089, 'Rhinastoc', 'Gris', 464, 'https://raw.githubusercontent.com/PokeAPI/sprites/master/sprites/pokemon/464.png', 'rhinastoc', 2569, 2570, 3, 2, 4, '2021-04-05 08:41:58'),
(3090, 'Bouldeneu', 'Bleu', 465, 'https://raw.githubusercontent.com/PokeAPI/sprites/master/sprites/pokemon/465.png', 'bouldeneu', 2572, 2572, 2, 1, 3, '2021-04-05 08:41:58'),
(3091, 'Élekable', 'Jaune', 466, 'https://raw.githubusercontent.com/PokeAPI/sprites/master/sprites/pokemon/466.png', 'elekable', 2697, 2583, 3, 2, 4, '2021-04-05 08:41:58'),
(3092, 'Maganon', 'Rouge', 467, 'https://raw.githubusercontent.com/PokeAPI/sprites/master/sprites/pokemon/467.png', 'maganon', 2698, 2584, 3, 2, 4, '2021-04-05 08:41:58'),
(3093, 'Togekiss', 'Blanc', 468, 'https://raw.githubusercontent.com/PokeAPI/sprites/master/sprites/pokemon/468.png', 'togekiss', 2633, 2634, 3, 2, 4, '2021-04-05 08:41:58'),
(3094, 'Yanmega', 'Vert', 469, 'https://raw.githubusercontent.com/PokeAPI/sprites/master/sprites/pokemon/469.png', 'yanmega', 2651, 2651, 2, 1, 3, '2021-04-05 08:41:59'),
(3095, 'Phyllali', 'Vert', 470, 'https://raw.githubusercontent.com/PokeAPI/sprites/master/sprites/pokemon/470.png', 'phyllali', 2591, 2591, 6, 1, 7, '2021-04-05 08:41:59'),
(3096, 'Givrali', 'Bleu', 471, 'https://raw.githubusercontent.com/PokeAPI/sprites/master/sprites/pokemon/471.png', 'givrali', 2591, 2591, 4, 1, 5, '2021-04-05 08:41:59'),
(3097, 'Scorvol', 'Violet', 472, 'https://raw.githubusercontent.com/PokeAPI/sprites/master/sprites/pokemon/472.png', 'scorvol', 2665, 2665, 2, 1, 3, '2021-04-05 08:41:59'),
(3098, 'Mammochon', 'Brun', 473, 'https://raw.githubusercontent.com/PokeAPI/sprites/master/sprites/pokemon/473.png', 'mammochon', 2678, 2679, 3, 2, 4, '2021-04-05 08:41:59'),
(3099, 'Porygon-Z', 'Rouge', 474, 'https://raw.githubusercontent.com/PokeAPI/sprites/master/sprites/pokemon/474.png', 'porygon-z', 2595, 2691, 3, 2, 4, '2021-04-05 08:41:59'),
(3100, 'Gallame', 'Blanc', 475, 'https://raw.githubusercontent.com/PokeAPI/sprites/master/sprites/pokemon/475.png', 'gallame', 2738, 2739, 3, 2, 4, '2021-04-05 08:42:00'),
(3101, 'Tarinorme', 'Gris', 476, 'https://raw.githubusercontent.com/PokeAPI/sprites/master/sprites/pokemon/476.png', 'tarinorme', 2757, 2757, 2, 1, 3, '2021-04-05 08:42:01'),
(3102, 'Noctunoir', 'Noir', 477, 'https://raw.githubusercontent.com/PokeAPI/sprites/master/sprites/pokemon/477.png', 'noctunoir', 2981, 2982, 3, 2, 4, '2021-04-05 08:42:01'),
(3103, 'Momartik', 'Blanc', 478, 'https://raw.githubusercontent.com/PokeAPI/sprites/master/sprites/pokemon/478.png', 'momartik', 2987, 2987, 2, 1, 3, '2021-04-05 08:42:01'),
(3104, 'Motisma', 'Rouge', 479, 'https://raw.githubusercontent.com/PokeAPI/sprites/master/sprites/pokemon/479.png', 'motisma', 3104, NULL, 1, 0, 2, '2021-04-04 08:41:52'),
(3105, 'Créhelf', 'Jaune', 480, 'https://raw.githubusercontent.com/PokeAPI/sprites/master/sprites/pokemon/480.png', 'crehelf', 3105, NULL, 1, 0, 2, '2021-04-04 08:41:52'),
(3106, 'Créfollet', 'Rose', 481, 'https://raw.githubusercontent.com/PokeAPI/sprites/master/sprites/pokemon/481.png', 'crefollet', 3106, NULL, 1, 0, 2, '2021-04-04 08:41:52'),
(3107, 'Créfadet', 'Bleu', 482, 'https://raw.githubusercontent.com/PokeAPI/sprites/master/sprites/pokemon/482.png', 'crefadet', 3107, NULL, 1, 0, 2, '2021-04-04 08:41:52'),
(3108, 'Dialga', 'Blanc', 483, 'https://raw.githubusercontent.com/PokeAPI/sprites/master/sprites/pokemon/483.png', 'dialga', 3108, NULL, 1, 0, 2, '2021-04-04 08:41:52'),
(3109, 'Palkia', 'Violet', 484, 'https://raw.githubusercontent.com/PokeAPI/sprites/master/sprites/pokemon/484.png', 'palkia', 3109, NULL, 1, 0, 2, '2021-04-04 08:41:52'),
(3110, 'Heatran', 'Brun', 485, 'https://raw.githubusercontent.com/PokeAPI/sprites/master/sprites/pokemon/485.png', 'heatran', 3110, NULL, 1, 0, 2, '2021-04-04 08:41:52'),
(3111, 'Regigigas', 'Blanc', 486, 'https://raw.githubusercontent.com/PokeAPI/sprites/master/sprites/pokemon/486.png', 'regigigas', 3111, NULL, 1, 0, 2, '2021-04-04 08:41:52'),
(3112, 'Cresselia', 'Jaune', 488, 'https://raw.githubusercontent.com/PokeAPI/sprites/master/sprites/pokemon/488.png', 'cresselia', 3112, NULL, 1, 0, 2, '2021-04-04 08:41:52'),
(3113, 'Phione', 'Bleu', 489, 'https://raw.githubusercontent.com/PokeAPI/sprites/master/sprites/pokemon/489.png', 'phione', 3113, NULL, 1, 0, 2, '2021-04-04 08:41:52'),
(3114, 'Manaphy', 'Bleu', 490, 'https://raw.githubusercontent.com/PokeAPI/sprites/master/sprites/pokemon/490.png', 'manaphy', 3114, NULL, 1, 0, 2, '2021-04-04 08:41:52'),
(3115, 'Darkrai', 'Noir', 491, 'https://raw.githubusercontent.com/PokeAPI/sprites/master/sprites/pokemon/491.png', 'darkrai', 3115, NULL, 1, 0, 2, '2021-04-04 08:41:52'),
(3116, 'Arceus', 'Blanc', 493, 'https://raw.githubusercontent.com/PokeAPI/sprites/master/sprites/pokemon/493.png', 'arceus', 3116, NULL, 1, 0, 2, '2021-04-04 08:41:52'),
(3117, 'Victini', 'Jaune', 494, 'https://raw.githubusercontent.com/PokeAPI/sprites/master/sprites/pokemon/494.png', 'victini', 3117, NULL, 1, 0, 2, '2021-04-04 08:41:52'),
(3416, 'Deoxys', 'Rouge', 386, 'https://raw.githubusercontent.com/PokeAPI/sprites/master/sprites/pokemon/386.png', 'deoxys', 3416, NULL, 1, 0, 2, '2021-04-04 08:41:52'),
(3417, 'Cheniselle', 'Vert', 413, 'https://raw.githubusercontent.com/PokeAPI/sprites/master/sprites/pokemon/413.png', 'cheniselle', 3038, 3038, 2, 1, 3, '2021-04-05 08:42:03'),
(3418, 'Giratina', 'Noir', 487, 'https://raw.githubusercontent.com/PokeAPI/sprites/master/sprites/pokemon/487.png', 'giratina', 3418, NULL, 1, 0, 2, '2021-04-04 08:41:52'),
(3419, 'Shaymin', 'Vert', 492, 'https://raw.githubusercontent.com/PokeAPI/sprites/master/sprites/pokemon/492.png', 'shaymin', 3419, NULL, 1, 0, 2, '2021-04-04 08:41:52'),
(3420, 'Vipélierre', 'Vert', 495, 'https://raw.githubusercontent.com/PokeAPI/sprites/master/sprites/pokemon/495.png', 'vipelierre', 3420, NULL, 1, 0, 6, '2021-04-04 08:41:52'),
(3421, 'Lianaja', 'Vert', 496, 'https://raw.githubusercontent.com/PokeAPI/sprites/master/sprites/pokemon/496.png', 'lianaja', 3420, 3420, 2, 1, 5, '2021-04-05 08:42:03'),
(3422, 'Majaspic', 'Vert', 497, 'https://raw.githubusercontent.com/PokeAPI/sprites/master/sprites/pokemon/497.png', 'majaspic', 3420, 3421, 3, 2, 4, '2021-04-05 08:42:04'),
(3423, 'Gruikui', 'Rouge', 498, 'https://raw.githubusercontent.com/PokeAPI/sprites/master/sprites/pokemon/498.png', 'gruikui', 3423, NULL, 1, 0, 6, '2021-04-04 08:41:52'),
(3424, 'Grotichon', 'Rouge', 499, 'https://raw.githubusercontent.com/PokeAPI/sprites/master/sprites/pokemon/499.png', 'grotichon', 3423, 3423, 2, 1, 5, '2021-04-05 08:42:04'),
(3425, 'Roitiflam', 'Rouge', 500, 'https://raw.githubusercontent.com/PokeAPI/sprites/master/sprites/pokemon/500.png', 'roitiflam', 3423, 3424, 3, 2, 4, '2021-04-05 08:42:04'),
(3428, 'Moustillon', 'Bleu', 501, 'https://raw.githubusercontent.com/PokeAPI/sprites/master/sprites/pokemon/501.png', 'moustillon', 3428, NULL, 1, 0, 6, '2021-04-04 08:41:52'),
(3429, 'Mateloutre', 'Bleu', 502, 'https://raw.githubusercontent.com/PokeAPI/sprites/master/sprites/pokemon/502.png', 'mateloutre', 3428, 3428, 2, 1, 5, '2021-04-05 08:42:04'),
(3430, 'Clamiral', 'Bleu', 503, 'https://raw.githubusercontent.com/PokeAPI/sprites/master/sprites/pokemon/503.png', 'clamiral', 3428, 3429, 3, 2, 4, '2021-04-05 08:42:04'),
(3431, 'Ratentif', 'Brun', 504, 'https://raw.githubusercontent.com/PokeAPI/sprites/master/sprites/pokemon/504.png', 'ratentif', 3431, NULL, 1, 0, 4, '2021-04-04 08:41:52'),
(3432, 'Miradar', 'Brun', 505, 'https://raw.githubusercontent.com/PokeAPI/sprites/master/sprites/pokemon/505.png', 'miradar', 3431, 3431, 2, 1, 3, '2021-04-05 08:42:05'),
(3433, 'Ponchiot', 'Brun', 506, 'https://raw.githubusercontent.com/PokeAPI/sprites/master/sprites/pokemon/506.png', 'ponchiot', 3433, NULL, 1, 0, 6, '2021-04-04 08:41:52'),
(3434, 'Ponchien', 'Gris', 507, 'https://raw.githubusercontent.com/PokeAPI/sprites/master/sprites/pokemon/507.png', 'ponchien', 3433, 3433, 2, 1, 5, '2021-04-05 08:42:05'),
(3435, 'Mastouffe', 'Gris', 508, 'https://raw.githubusercontent.com/PokeAPI/sprites/master/sprites/pokemon/508.png', 'mastouffe', 3433, 3434, 3, 2, 4, '2021-04-05 08:42:05'),
(3436, 'Chacripan', 'Violet', 509, 'https://raw.githubusercontent.com/PokeAPI/sprites/master/sprites/pokemon/509.png', 'chacripan', 3436, NULL, 1, 0, 4, '2021-04-04 08:41:52'),
(3437, 'Léopardus', 'Violet', 510, 'https://raw.githubusercontent.com/PokeAPI/sprites/master/sprites/pokemon/510.png', 'leopardus', 3436, 3436, 2, 1, 3, '2021-04-05 08:42:05'),
(3438, 'Feuillajou', 'Vert', 511, 'https://raw.githubusercontent.com/PokeAPI/sprites/master/sprites/pokemon/511.png', 'feuillajou', 3438, NULL, 1, 0, 4, '2021-04-04 08:41:52'),
(3439, 'Feuiloutan', 'Vert', 512, 'https://raw.githubusercontent.com/PokeAPI/sprites/master/sprites/pokemon/512.png', 'feuiloutan', 3438, 3438, 2, 1, 3, '2021-04-05 08:42:06'),
(3440, 'Flamajou', 'Rouge', 513, 'https://raw.githubusercontent.com/PokeAPI/sprites/master/sprites/pokemon/513.png', 'flamajou', 3440, NULL, 1, 0, 4, '2021-04-04 08:41:52'),
(3441, 'Flamoutan', 'Rouge', 514, 'https://raw.githubusercontent.com/PokeAPI/sprites/master/sprites/pokemon/514.png', 'flamoutan', 3440, 3440, 2, 1, 3, '2021-04-05 08:42:06'),
(3442, 'Flotajou', 'Bleu', 515, 'https://raw.githubusercontent.com/PokeAPI/sprites/master/sprites/pokemon/515.png', 'flotajou', 3442, NULL, 1, 0, 4, '2021-04-04 08:41:52'),
(3443, 'Flotoutan', 'Bleu', 516, 'https://raw.githubusercontent.com/PokeAPI/sprites/master/sprites/pokemon/516.png', 'flotoutan', 3442, 3442, 2, 1, 3, '2021-04-05 08:42:06'),
(3444, 'Munna', 'Rose', 517, 'https://raw.githubusercontent.com/PokeAPI/sprites/master/sprites/pokemon/517.png', 'munna', 3444, NULL, 1, 0, 4, '2021-04-04 08:41:52'),
(3445, 'Mushana', 'Rose', 518, 'https://raw.githubusercontent.com/PokeAPI/sprites/master/sprites/pokemon/518.png', 'mushana', 3444, 3444, 2, 1, 3, '2021-04-05 08:42:06'),
(3446, 'Poichigeon', 'Gris', 519, 'https://raw.githubusercontent.com/PokeAPI/sprites/master/sprites/pokemon/519.png', 'poichigeon', 3446, NULL, 1, 0, 6, '2021-04-04 08:41:52'),
(3447, 'Colombeau', 'Gris', 520, 'https://raw.githubusercontent.com/PokeAPI/sprites/master/sprites/pokemon/520.png', 'colombeau', 3446, 3446, 2, 1, 5, '2021-04-05 08:42:06'),
(3448, 'Déflaisan', 'Gris', 521, 'https://raw.githubusercontent.com/PokeAPI/sprites/master/sprites/pokemon/521.png', 'deflaisan', 3446, 3447, 3, 2, 4, '2021-04-05 08:42:07'),
(3449, 'Zébibron', 'Noir', 522, 'https://raw.githubusercontent.com/PokeAPI/sprites/master/sprites/pokemon/522.png', 'zebibron', 3449, NULL, 1, 0, 4, '2021-04-04 08:41:52'),
(3450, 'Zéblitz', 'Noir', 523, 'https://raw.githubusercontent.com/PokeAPI/sprites/master/sprites/pokemon/523.png', 'zeblitz', 3449, 3449, 2, 1, 3, '2021-04-05 08:42:07'),
(3451, 'Nodulithe', 'Bleu', 524, 'https://raw.githubusercontent.com/PokeAPI/sprites/master/sprites/pokemon/524.png', 'nodulithe', 3451, NULL, 1, 0, 6, '2021-04-04 08:41:52'),
(3452, 'Géolithe', 'Bleu', 525, 'https://raw.githubusercontent.com/PokeAPI/sprites/master/sprites/pokemon/525.png', 'geolithe', 3451, 3451, 2, 1, 5, '2021-04-05 08:42:07'),
(3453, 'Gigalithe', 'Bleu', 526, 'https://raw.githubusercontent.com/PokeAPI/sprites/master/sprites/pokemon/526.png', 'gigalithe', 3451, 3452, 3, 2, 4, '2021-04-05 08:42:07'),
(3454, 'Chovsourir', 'Bleu', 527, 'https://raw.githubusercontent.com/PokeAPI/sprites/master/sprites/pokemon/527.png', 'chovsourir', 3454, NULL, 1, 0, 4, '2021-04-04 08:41:52'),
(3455, 'Rhinolove', 'Bleu', 528, 'https://raw.githubusercontent.com/PokeAPI/sprites/master/sprites/pokemon/528.png', 'rhinolove', 3454, 3454, 2, 1, 3, '2021-04-05 08:42:08'),
(3456, 'Rototaupe', 'Gris', 529, 'https://raw.githubusercontent.com/PokeAPI/sprites/master/sprites/pokemon/529.png', 'rototaupe', 3456, NULL, 1, 0, 4, '2021-04-04 08:41:52'),
(3457, 'Minotaupe', 'Gris', 530, 'https://raw.githubusercontent.com/PokeAPI/sprites/master/sprites/pokemon/530.png', 'minotaupe', 3456, 3456, 2, 1, 3, '2021-04-05 08:42:08'),
(3458, 'Nanméouïe', 'Rose', 531, 'https://raw.githubusercontent.com/PokeAPI/sprites/master/sprites/pokemon/531.png', 'nanmeouie', 3458, NULL, 1, 0, 2, '2021-04-04 08:41:52'),
(3459, 'Charpenti', 'Gris', 532, 'https://raw.githubusercontent.com/PokeAPI/sprites/master/sprites/pokemon/532.png', 'charpenti', 3459, NULL, 1, 0, 6, '2021-04-04 08:41:52'),
(3460, 'Ouvrifier', 'Gris', 533, 'https://raw.githubusercontent.com/PokeAPI/sprites/master/sprites/pokemon/533.png', 'ouvrifier', 3459, 3459, 2, 1, 5, '2021-04-05 08:42:08'),
(3461, 'Bétochef', 'Brun', 534, 'https://raw.githubusercontent.com/PokeAPI/sprites/master/sprites/pokemon/534.png', 'betochef', 3459, 3460, 3, 2, 4, '2021-04-05 08:42:08'),
(3462, 'Tritonde', 'Bleu', 535, 'https://raw.githubusercontent.com/PokeAPI/sprites/master/sprites/pokemon/535.png', 'tritonde', 3462, NULL, 1, 0, 6, '2021-04-04 08:41:52'),
(3463, 'Batracné', 'Bleu', 536, 'https://raw.githubusercontent.com/PokeAPI/sprites/master/sprites/pokemon/536.png', 'batracne', 3462, 3462, 2, 1, 5, '2021-04-05 08:42:08'),
(3464, 'Crapustule', 'Bleu', 537, 'https://raw.githubusercontent.com/PokeAPI/sprites/master/sprites/pokemon/537.png', 'crapustule', 3462, 3463, 3, 2, 4, '2021-04-05 08:42:09'),
(3465, 'Judokrak', 'Rouge', 538, 'https://raw.githubusercontent.com/PokeAPI/sprites/master/sprites/pokemon/538.png', 'judokrak', 3465, NULL, 1, 0, 2, '2021-04-04 08:41:52'),
(3466, 'Karaclée', 'Bleu', 539, 'https://raw.githubusercontent.com/PokeAPI/sprites/master/sprites/pokemon/539.png', 'karaclee', 3466, NULL, 1, 0, 2, '2021-04-04 08:41:52'),
(3467, 'Larveyette', 'Jaune', 540, 'https://raw.githubusercontent.com/PokeAPI/sprites/master/sprites/pokemon/540.png', 'larveyette', 3467, NULL, 1, 0, 6, '2021-04-04 08:41:52'),
(3468, 'Couverdure', 'Vert', 541, 'https://raw.githubusercontent.com/PokeAPI/sprites/master/sprites/pokemon/541.png', 'couverdure', 3467, 3467, 2, 1, 5, '2021-04-05 08:42:09'),
(3469, 'Manternel', 'Jaune', 542, 'https://raw.githubusercontent.com/PokeAPI/sprites/master/sprites/pokemon/542.png', 'manternel', 3467, 3468, 3, 2, 4, '2021-04-05 08:42:09'),
(3470, 'Venipatte', 'Rouge', 543, 'https://raw.githubusercontent.com/PokeAPI/sprites/master/sprites/pokemon/543.png', 'venipatte', 3470, NULL, 1, 0, 6, '2021-04-04 08:41:52'),
(3471, 'Scobolide', 'Gris', 544, 'https://raw.githubusercontent.com/PokeAPI/sprites/master/sprites/pokemon/544.png', 'scobolide', 3470, 3470, 2, 1, 5, '2021-04-05 08:42:09'),
(3472, 'Brutapode', 'Rouge', 545, 'https://raw.githubusercontent.com/PokeAPI/sprites/master/sprites/pokemon/545.png', 'brutapode', 3470, 3471, 3, 2, 4, '2021-04-05 08:42:09'),
(3473, 'Doudouvet', 'Vert', 546, 'https://raw.githubusercontent.com/PokeAPI/sprites/master/sprites/pokemon/546.png', 'doudouvet', 3473, NULL, 1, 0, 4, '2021-04-04 08:41:52'),
(3474, 'Farfaduvet', 'Vert', 547, 'https://raw.githubusercontent.com/PokeAPI/sprites/master/sprites/pokemon/547.png', 'farfaduvet', 3473, 3473, 2, 1, 3, '2021-04-05 08:42:10'),
(3475, 'Chlorobule', 'Vert', 548, 'https://raw.githubusercontent.com/PokeAPI/sprites/master/sprites/pokemon/548.png', 'chlorobule', 3475, NULL, 1, 0, 4, '2021-04-04 08:41:52'),
(3476, 'Fragilady', 'Vert', 549, 'https://raw.githubusercontent.com/PokeAPI/sprites/master/sprites/pokemon/549.png', 'fragilady', 3475, 3475, 2, 1, 3, '2021-04-05 08:42:10'),
(3477, 'Bargantua', 'Vert', 550, 'https://raw.githubusercontent.com/PokeAPI/sprites/master/sprites/pokemon/550.png', 'bargantua', 3477, NULL, 1, 0, 2, '2021-04-04 08:41:52'),
(3478, 'Mascaïman', 'Brun', 551, 'https://raw.githubusercontent.com/PokeAPI/sprites/master/sprites/pokemon/551.png', 'mascaiman', 3478, NULL, 1, 0, 6, '2021-04-04 08:41:52'),
(3479, 'Escroco', 'Brun', 552, 'https://raw.githubusercontent.com/PokeAPI/sprites/master/sprites/pokemon/552.png', 'escroco', 3478, 3478, 2, 1, 5, '2021-04-05 08:42:10'),
(3480, 'Crocorible', 'Rouge', 553, 'https://raw.githubusercontent.com/PokeAPI/sprites/master/sprites/pokemon/553.png', 'crocorible', 3478, 3479, 3, 2, 4, '2021-04-05 08:42:10'),
(3481, 'Darumarond', 'Rouge', 554, 'https://raw.githubusercontent.com/PokeAPI/sprites/master/sprites/pokemon/554.png', 'darumarond', 3481, NULL, 1, 0, 4, '2021-04-04 08:41:52'),
(3482, 'Darumacho', 'Rouge', 555, 'https://raw.githubusercontent.com/PokeAPI/sprites/master/sprites/pokemon/555.png', 'darumacho', 3481, 3481, 2, 1, 3, '2021-04-05 08:42:11'),
(3483, 'Maracachi', 'Vert', 556, 'https://raw.githubusercontent.com/PokeAPI/sprites/master/sprites/pokemon/556.png', 'maracachi', 3483, NULL, 1, 0, 2, '2021-04-04 08:41:52'),
(3484, 'Crabicoque', 'Rouge', 557, 'https://raw.githubusercontent.com/PokeAPI/sprites/master/sprites/pokemon/557.png', 'crabicoque', 3484, NULL, 1, 0, 4, '2021-04-04 08:41:52'),
(3485, 'Crabaraque', 'Rouge', 558, 'https://raw.githubusercontent.com/PokeAPI/sprites/master/sprites/pokemon/558.png', 'crabaraque', 3484, 3484, 2, 1, 3, '2021-04-05 08:42:11'),
(3486, 'Baggiguane', 'Jaune', 559, 'https://raw.githubusercontent.com/PokeAPI/sprites/master/sprites/pokemon/559.png', 'baggiguane', 3486, NULL, 1, 0, 4, '2021-04-04 08:41:52'),
(3487, 'Baggaïd', 'Rouge', 560, 'https://raw.githubusercontent.com/PokeAPI/sprites/master/sprites/pokemon/560.png', 'baggaid', 3486, 3486, 2, 1, 3, '2021-04-05 08:42:11'),
(3488, 'Cryptéro', 'Noir', 561, 'https://raw.githubusercontent.com/PokeAPI/sprites/master/sprites/pokemon/561.png', 'cryptero', 3488, NULL, 1, 0, 2, '2021-04-04 08:41:52'),
(3489, 'Tutafeh', 'Noir', 562, 'https://raw.githubusercontent.com/PokeAPI/sprites/master/sprites/pokemon/562.png', 'tutafeh', 3489, NULL, 1, 0, 6, '2021-04-04 08:41:52'),
(3490, 'Tutankafer', 'Jaune', 563, 'https://raw.githubusercontent.com/PokeAPI/sprites/master/sprites/pokemon/563.png', 'tutankafer', 3489, 3489, 4, 1, 5, '2021-04-05 08:42:11'),
(3491, 'Carapagos', 'Bleu', 564, 'https://raw.githubusercontent.com/PokeAPI/sprites/master/sprites/pokemon/564.png', 'carapagos', 3491, NULL, 1, 0, 4, '2021-04-04 08:41:52'),
(3492, 'Mégapagos', 'Bleu', 565, 'https://raw.githubusercontent.com/PokeAPI/sprites/master/sprites/pokemon/565.png', 'megapagos', 3491, 3491, 2, 1, 3, '2021-04-05 08:42:12'),
(3493, 'Arkéapti', 'Jaune', 566, 'https://raw.githubusercontent.com/PokeAPI/sprites/master/sprites/pokemon/566.png', 'arkeapti', 3493, NULL, 1, 0, 4, '2021-04-04 08:41:52'),
(3494, 'Aéroptéryx', 'Jaune', 567, 'https://raw.githubusercontent.com/PokeAPI/sprites/master/sprites/pokemon/567.png', 'aeropteryx', 3493, 3493, 2, 1, 3, '2021-04-05 08:42:12'),
(3495, 'Miamiasme', 'Vert', 568, 'https://raw.githubusercontent.com/PokeAPI/sprites/master/sprites/pokemon/568.png', 'miamiasme', 3495, NULL, 1, 0, 4, '2021-04-04 08:41:52'),
(3496, 'Miasmax', 'Vert', 569, 'https://raw.githubusercontent.com/PokeAPI/sprites/master/sprites/pokemon/569.png', 'miasmax', 3495, 3495, 2, 1, 3, '2021-04-05 08:42:12'),
(3497, 'Zorua', 'Gris', 570, 'https://raw.githubusercontent.com/PokeAPI/sprites/master/sprites/pokemon/570.png', 'zorua', 3497, NULL, 1, 0, 4, '2021-04-04 08:41:52'),
(3498, 'Zoroark', 'Gris', 571, 'https://raw.githubusercontent.com/PokeAPI/sprites/master/sprites/pokemon/571.png', 'zoroark', 3497, 3497, 2, 1, 3, '2021-04-05 08:42:12'),
(3499, 'Chinchidou', 'Gris', 572, 'https://raw.githubusercontent.com/PokeAPI/sprites/master/sprites/pokemon/572.png', 'chinchidou', 3499, NULL, 1, 0, 4, '2021-04-04 08:41:52'),
(3500, 'Pashmilla', 'Gris', 573, 'https://raw.githubusercontent.com/PokeAPI/sprites/master/sprites/pokemon/573.png', 'pashmilla', 3499, 3499, 2, 1, 3, '2021-04-05 08:42:13'),
(3501, 'Scrutella', 'Violet', 574, 'https://raw.githubusercontent.com/PokeAPI/sprites/master/sprites/pokemon/574.png', 'scrutella', 3501, NULL, 1, 0, 6, '2021-04-04 08:41:52'),
(3502, 'Mesmérella', 'Violet', 575, 'https://raw.githubusercontent.com/PokeAPI/sprites/master/sprites/pokemon/575.png', 'mesmerella', 3501, 3501, 2, 1, 5, '2021-04-05 08:42:13'),
(3503, 'Sidérella', 'Violet', 576, 'https://raw.githubusercontent.com/PokeAPI/sprites/master/sprites/pokemon/576.png', 'siderella', 3501, 3502, 3, 2, 4, '2021-04-05 08:42:13'),
(3504, 'Nucléos', 'Vert', 577, 'https://raw.githubusercontent.com/PokeAPI/sprites/master/sprites/pokemon/577.png', 'nucleos', 3504, NULL, 1, 0, 6, '2021-04-04 08:41:52'),
(3505, 'Méios', 'Vert', 578, 'https://raw.githubusercontent.com/PokeAPI/sprites/master/sprites/pokemon/578.png', 'meios', 3504, 3504, 2, 1, 5, '2021-04-05 08:42:13'),
(3506, 'Symbios', 'Vert', 579, 'https://raw.githubusercontent.com/PokeAPI/sprites/master/sprites/pokemon/579.png', 'symbios', 3504, 3505, 3, 2, 4, '2021-04-05 08:42:13'),
(3507, 'Couaneton', 'Bleu', 580, 'https://raw.githubusercontent.com/PokeAPI/sprites/master/sprites/pokemon/580.png', 'couaneton', 3507, NULL, 1, 0, 4, '2021-04-04 08:41:52'),
(3508, 'Lakmécygne', 'Blanc', 581, 'https://raw.githubusercontent.com/PokeAPI/sprites/master/sprites/pokemon/581.png', 'lakmecygne', 3507, 3507, 2, 1, 3, '2021-04-05 08:42:14'),
(3509, 'Sorbébé', 'Blanc', 582, 'https://raw.githubusercontent.com/PokeAPI/sprites/master/sprites/pokemon/582.png', 'sorbebe', 3509, NULL, 1, 0, 6, '2021-04-04 08:41:52'),
(3510, 'Sorboul', 'Blanc', 583, 'https://raw.githubusercontent.com/PokeAPI/sprites/master/sprites/pokemon/583.png', 'sorboul', 3509, 3509, 2, 1, 5, '2021-04-05 08:42:14');
INSERT INTO `pokemon` (`id`, `name`, `color`, `api_id`, `image`, `slug`, `tree_root`, `parent_id`, `lft`, `lvl`, `rgt`, `updated_at`) VALUES
(3511, 'Sorbouboul', 'Blanc', 584, 'https://raw.githubusercontent.com/PokeAPI/sprites/master/sprites/pokemon/584.png', 'sorbouboul', 3509, 3510, 3, 2, 4, '2021-04-05 08:42:14'),
(3512, 'Vivaldaim', 'Rose', 585, 'https://raw.githubusercontent.com/PokeAPI/sprites/master/sprites/pokemon/585.png', 'vivaldaim', 3512, NULL, 1, 0, 4, '2021-04-04 08:41:52'),
(3513, 'Haydaim', 'Brun', 586, 'https://raw.githubusercontent.com/PokeAPI/sprites/master/sprites/pokemon/586.png', 'haydaim', 3512, 3512, 2, 1, 3, '2021-04-05 08:42:14'),
(3514, 'Emolga', 'Blanc', 587, 'https://raw.githubusercontent.com/PokeAPI/sprites/master/sprites/pokemon/587.png', 'emolga', 3514, NULL, 1, 0, 2, '2021-04-04 08:41:52'),
(3515, 'Carabing', 'Bleu', 588, 'https://raw.githubusercontent.com/PokeAPI/sprites/master/sprites/pokemon/588.png', 'carabing', 3515, NULL, 1, 0, 4, '2021-04-04 08:41:52'),
(3516, 'Lançargot', 'Gris', 589, 'https://raw.githubusercontent.com/PokeAPI/sprites/master/sprites/pokemon/589.png', 'lancargot', 3515, 3515, 2, 1, 3, '2021-04-05 08:42:14'),
(3517, 'Trompignon', 'Blanc', 590, 'https://raw.githubusercontent.com/PokeAPI/sprites/master/sprites/pokemon/590.png', 'trompignon', 3517, NULL, 1, 0, 4, '2021-04-04 08:41:52'),
(3518, 'Gaulet', 'Blanc', 591, 'https://raw.githubusercontent.com/PokeAPI/sprites/master/sprites/pokemon/591.png', 'gaulet', 3517, 3517, 2, 1, 3, '2021-04-05 08:42:15'),
(3519, 'Viskuse', 'Blanc', 592, 'https://raw.githubusercontent.com/PokeAPI/sprites/master/sprites/pokemon/592.png', 'viskuse', 3519, NULL, 1, 0, 4, '2021-04-04 08:41:52'),
(3520, 'Moyade', 'Blanc', 593, 'https://raw.githubusercontent.com/PokeAPI/sprites/master/sprites/pokemon/593.png', 'moyade', 3519, 3519, 2, 1, 3, '2021-04-05 08:42:15'),
(3521, 'Mamanbo', 'Rose', 594, 'https://raw.githubusercontent.com/PokeAPI/sprites/master/sprites/pokemon/594.png', 'mamanbo', 3521, NULL, 1, 0, 2, '2021-04-04 08:41:52'),
(3522, 'Statitik', 'Jaune', 595, 'https://raw.githubusercontent.com/PokeAPI/sprites/master/sprites/pokemon/595.png', 'statitik', 3522, NULL, 1, 0, 4, '2021-04-04 08:41:52'),
(3523, 'Mygavolt', 'Jaune', 596, 'https://raw.githubusercontent.com/PokeAPI/sprites/master/sprites/pokemon/596.png', 'mygavolt', 3522, 3522, 2, 1, 3, '2021-04-05 08:42:15'),
(3524, 'Grindur', 'Gris', 597, 'https://raw.githubusercontent.com/PokeAPI/sprites/master/sprites/pokemon/597.png', 'grindur', 3524, NULL, 1, 0, 4, '2021-04-04 08:41:52'),
(3525, 'Noacier', 'Gris', 598, 'https://raw.githubusercontent.com/PokeAPI/sprites/master/sprites/pokemon/598.png', 'noacier', 3524, 3524, 2, 1, 3, '2021-04-05 08:42:15'),
(3526, 'Tic', 'Gris', 599, 'https://raw.githubusercontent.com/PokeAPI/sprites/master/sprites/pokemon/599.png', 'tic', 3526, NULL, 1, 0, 6, '2021-04-04 08:41:52'),
(3527, 'Clic', 'Gris', 600, 'https://raw.githubusercontent.com/PokeAPI/sprites/master/sprites/pokemon/600.png', 'clic', 3526, 3526, 2, 1, 5, '2021-04-05 08:42:16'),
(3528, 'Cliticlic', 'Gris', 601, 'https://raw.githubusercontent.com/PokeAPI/sprites/master/sprites/pokemon/601.png', 'cliticlic', 3526, 3527, 3, 2, 4, '2021-04-05 08:42:16'),
(3529, 'Anchwatt', 'Blanc', 602, 'https://raw.githubusercontent.com/PokeAPI/sprites/master/sprites/pokemon/602.png', 'anchwatt', 3529, NULL, 1, 0, 6, '2021-04-04 08:41:52'),
(3530, 'Lampéroie', 'Bleu', 603, 'https://raw.githubusercontent.com/PokeAPI/sprites/master/sprites/pokemon/603.png', 'lamperoie', 3529, 3529, 2, 1, 5, '2021-04-05 08:42:16'),
(3531, 'Ohmassacre', 'Bleu', 604, 'https://raw.githubusercontent.com/PokeAPI/sprites/master/sprites/pokemon/604.png', 'ohmassacre', 3529, 3530, 3, 2, 4, '2021-04-05 08:42:16'),
(3532, 'Lewsor', 'Bleu', 605, 'https://raw.githubusercontent.com/PokeAPI/sprites/master/sprites/pokemon/605.png', 'lewsor', 3532, NULL, 1, 0, 4, '2021-04-04 08:41:52'),
(3533, 'Neitram', 'Brun', 606, 'https://raw.githubusercontent.com/PokeAPI/sprites/master/sprites/pokemon/606.png', 'neitram', 3532, 3532, 2, 1, 3, '2021-04-05 08:42:16'),
(3534, 'Funécire', 'Blanc', 607, 'https://raw.githubusercontent.com/PokeAPI/sprites/master/sprites/pokemon/607.png', 'funecire', 3534, NULL, 1, 0, 6, '2021-04-04 08:41:52'),
(3535, 'Mélancolux', 'Noir', 608, 'https://raw.githubusercontent.com/PokeAPI/sprites/master/sprites/pokemon/608.png', 'melancolux', 3534, 3534, 2, 1, 5, '2021-04-05 08:42:17'),
(3536, 'Lugulabre', 'Noir', 609, 'https://raw.githubusercontent.com/PokeAPI/sprites/master/sprites/pokemon/609.png', 'lugulabre', 3534, 3535, 3, 2, 4, '2021-04-05 08:42:17'),
(3537, 'Coupenotte', 'Vert', 610, 'https://raw.githubusercontent.com/PokeAPI/sprites/master/sprites/pokemon/610.png', 'coupenotte', 3537, NULL, 1, 0, 6, '2021-04-04 08:41:52'),
(3538, 'Incisache', 'Vert', 611, 'https://raw.githubusercontent.com/PokeAPI/sprites/master/sprites/pokemon/611.png', 'incisache', 3537, 3537, 2, 1, 5, '2021-04-05 08:42:17'),
(3539, 'Tranchodon', 'Jaune', 612, 'https://raw.githubusercontent.com/PokeAPI/sprites/master/sprites/pokemon/612.png', 'tranchodon', 3537, 3538, 3, 2, 4, '2021-04-05 08:42:17'),
(3540, 'Polarhume', 'Blanc', 613, 'https://raw.githubusercontent.com/PokeAPI/sprites/master/sprites/pokemon/613.png', 'polarhume', 3540, NULL, 1, 0, 4, '2021-04-04 08:41:52'),
(3541, 'Polagriffe', 'Blanc', 614, 'https://raw.githubusercontent.com/PokeAPI/sprites/master/sprites/pokemon/614.png', 'polagriffe', 3540, 3540, 2, 1, 3, '2021-04-05 08:42:17'),
(3542, 'Hexagel', 'Bleu', 615, 'https://raw.githubusercontent.com/PokeAPI/sprites/master/sprites/pokemon/615.png', 'hexagel', 3542, NULL, 1, 0, 2, '2021-04-04 08:41:52'),
(3543, 'Escargaume', 'Rouge', 616, 'https://raw.githubusercontent.com/PokeAPI/sprites/master/sprites/pokemon/616.png', 'escargaume', 3543, NULL, 1, 0, 4, '2021-04-04 08:41:52'),
(3544, 'Limaspeed', 'Rouge', 617, 'https://raw.githubusercontent.com/PokeAPI/sprites/master/sprites/pokemon/617.png', 'limaspeed', 3543, 3543, 2, 1, 3, '2021-04-05 08:42:18'),
(3545, 'Limonde', 'Brun', 618, 'https://raw.githubusercontent.com/PokeAPI/sprites/master/sprites/pokemon/618.png', 'limonde', 3545, NULL, 1, 0, 2, '2021-04-04 08:41:52'),
(3546, 'Kungfouine', 'Jaune', 619, 'https://raw.githubusercontent.com/PokeAPI/sprites/master/sprites/pokemon/619.png', 'kungfouine', 3546, NULL, 1, 0, 4, '2021-04-04 08:41:52'),
(3547, 'Shaofouine', 'Violet', 620, 'https://raw.githubusercontent.com/PokeAPI/sprites/master/sprites/pokemon/620.png', 'shaofouine', 3546, 3546, 2, 1, 3, '2021-04-05 08:42:18'),
(3548, 'Drakkarmin', 'Rouge', 621, 'https://raw.githubusercontent.com/PokeAPI/sprites/master/sprites/pokemon/621.png', 'drakkarmin', 3548, NULL, 1, 0, 2, '2021-04-04 08:41:52'),
(3549, 'Gringolem', 'Vert', 622, 'https://raw.githubusercontent.com/PokeAPI/sprites/master/sprites/pokemon/622.png', 'gringolem', 3549, NULL, 1, 0, 4, '2021-04-04 08:41:52'),
(3550, 'Golemastoc', 'Vert', 623, 'https://raw.githubusercontent.com/PokeAPI/sprites/master/sprites/pokemon/623.png', 'golemastoc', 3549, 3549, 2, 1, 3, '2021-04-05 08:42:18'),
(3551, 'Scalpion', 'Rouge', 624, 'https://raw.githubusercontent.com/PokeAPI/sprites/master/sprites/pokemon/624.png', 'scalpion', 3551, NULL, 1, 0, 4, '2021-04-04 08:41:52'),
(3552, 'Scalproie', 'Rouge', 625, 'https://raw.githubusercontent.com/PokeAPI/sprites/master/sprites/pokemon/625.png', 'scalproie', 3551, 3551, 2, 1, 3, '2021-04-05 08:42:19'),
(3553, 'Frison', 'Brun', 626, 'https://raw.githubusercontent.com/PokeAPI/sprites/master/sprites/pokemon/626.png', 'frison', 3553, NULL, 1, 0, 2, '2021-04-04 08:41:52'),
(3554, 'Furaiglon', 'Blanc', 627, 'https://raw.githubusercontent.com/PokeAPI/sprites/master/sprites/pokemon/627.png', 'furaiglon', 3554, NULL, 1, 0, 4, '2021-04-04 08:41:52'),
(3555, 'Gueriaigle', 'Rouge', 628, 'https://raw.githubusercontent.com/PokeAPI/sprites/master/sprites/pokemon/628.png', 'gueriaigle', 3554, 3554, 2, 1, 3, '2021-04-05 08:42:19'),
(3556, 'Vostourno', 'Brun', 629, 'https://raw.githubusercontent.com/PokeAPI/sprites/master/sprites/pokemon/629.png', 'vostourno', 3556, NULL, 1, 0, 4, '2021-04-04 08:41:52'),
(3557, 'Vaututrice', 'Brun', 630, 'https://raw.githubusercontent.com/PokeAPI/sprites/master/sprites/pokemon/630.png', 'vaututrice', 3556, 3556, 2, 1, 3, '2021-04-05 08:42:19'),
(3558, 'Aflamanoir', 'Rouge', 631, 'https://raw.githubusercontent.com/PokeAPI/sprites/master/sprites/pokemon/631.png', 'aflamanoir', 3558, NULL, 1, 0, 2, '2021-04-04 08:41:52'),
(3559, 'Fermite', 'Gris', 632, 'https://raw.githubusercontent.com/PokeAPI/sprites/master/sprites/pokemon/632.png', 'fermite', 3559, NULL, 1, 0, 2, '2021-04-04 08:41:52'),
(3560, 'Solochi', 'Bleu', 633, 'https://raw.githubusercontent.com/PokeAPI/sprites/master/sprites/pokemon/633.png', 'solochi', 3560, NULL, 1, 0, 6, '2021-04-04 08:41:52'),
(3561, 'Diamat', 'Bleu', 634, 'https://raw.githubusercontent.com/PokeAPI/sprites/master/sprites/pokemon/634.png', 'diamat', 3560, 3560, 2, 1, 5, '2021-04-05 08:42:20'),
(3562, 'Trioxhydre', 'Bleu', 635, 'https://raw.githubusercontent.com/PokeAPI/sprites/master/sprites/pokemon/635.png', 'trioxhydre', 3560, 3561, 3, 2, 4, '2021-04-05 08:42:21'),
(3563, 'Pyronille', 'Blanc', 636, 'https://raw.githubusercontent.com/PokeAPI/sprites/master/sprites/pokemon/636.png', 'pyronille', 3563, NULL, 1, 0, 4, '2021-04-04 08:41:52'),
(3564, 'Pyrax', 'Blanc', 637, 'https://raw.githubusercontent.com/PokeAPI/sprites/master/sprites/pokemon/637.png', 'pyrax', 3563, 3563, 2, 1, 3, '2021-04-05 08:42:21'),
(3565, 'Cobaltium', 'Bleu', 638, 'https://raw.githubusercontent.com/PokeAPI/sprites/master/sprites/pokemon/638.png', 'cobaltium', 3565, NULL, 1, 0, 2, '2021-04-04 08:41:52'),
(3566, 'Terrakium', 'Gris', 639, 'https://raw.githubusercontent.com/PokeAPI/sprites/master/sprites/pokemon/639.png', 'terrakium', 3566, NULL, 1, 0, 2, '2021-04-04 08:41:52'),
(3567, 'Viridium', 'Vert', 640, 'https://raw.githubusercontent.com/PokeAPI/sprites/master/sprites/pokemon/640.png', 'viridium', 3567, NULL, 1, 0, 2, '2021-04-04 08:41:52'),
(3568, 'Boréas', 'Vert', 641, 'https://raw.githubusercontent.com/PokeAPI/sprites/master/sprites/pokemon/641.png', 'boreas', 3568, NULL, 1, 0, 2, '2021-04-04 08:41:52'),
(3569, 'Fulguris', 'Bleu', 642, 'https://raw.githubusercontent.com/PokeAPI/sprites/master/sprites/pokemon/642.png', 'fulguris', 3569, NULL, 1, 0, 2, '2021-04-04 08:41:52'),
(3570, 'Reshiram', 'Blanc', 643, 'https://raw.githubusercontent.com/PokeAPI/sprites/master/sprites/pokemon/643.png', 'reshiram', 3570, NULL, 1, 0, 2, '2021-04-04 08:41:52'),
(3571, 'Zekrom', 'Noir', 644, 'https://raw.githubusercontent.com/PokeAPI/sprites/master/sprites/pokemon/644.png', 'zekrom', 3571, NULL, 1, 0, 2, '2021-04-04 08:41:52'),
(3572, 'Démétéros', 'Brun', 645, 'https://raw.githubusercontent.com/PokeAPI/sprites/master/sprites/pokemon/645.png', 'demeteros', 3572, NULL, 1, 0, 2, '2021-04-04 08:41:52'),
(3573, 'Kyurem', 'Gris', 646, 'https://raw.githubusercontent.com/PokeAPI/sprites/master/sprites/pokemon/646.png', 'kyurem', 3573, NULL, 1, 0, 2, '2021-04-04 08:41:52'),
(3574, 'Keldeo', 'Jaune', 647, 'https://raw.githubusercontent.com/PokeAPI/sprites/master/sprites/pokemon/647.png', 'keldeo', 3574, NULL, 1, 0, 2, '2021-04-04 08:41:52'),
(3575, 'Meloetta', 'Blanc', 648, 'https://raw.githubusercontent.com/PokeAPI/sprites/master/sprites/pokemon/648.png', 'meloetta', 3575, NULL, 1, 0, 2, '2021-04-04 08:41:52'),
(3576, 'Genesect', 'Violet', 649, 'https://raw.githubusercontent.com/PokeAPI/sprites/master/sprites/pokemon/649.png', 'genesect', 3576, NULL, 1, 0, 2, '2021-04-04 08:41:52'),
(3577, 'Marisson', 'Vert', 650, 'https://raw.githubusercontent.com/PokeAPI/sprites/master/sprites/pokemon/650.png', 'marisson', 3577, NULL, 1, 0, 6, '2021-04-04 08:41:52'),
(3578, 'Boguérisse', 'Vert', 651, 'https://raw.githubusercontent.com/PokeAPI/sprites/master/sprites/pokemon/651.png', 'boguerisse', 3577, 3577, 2, 1, 5, '2021-04-05 08:42:23'),
(3579, 'Blindépique', 'Vert', 652, 'https://raw.githubusercontent.com/PokeAPI/sprites/master/sprites/pokemon/652.png', 'blindepique', 3577, 3578, 3, 2, 4, '2021-04-05 08:42:23'),
(3580, 'Feunnec', 'Rouge', 653, 'https://raw.githubusercontent.com/PokeAPI/sprites/master/sprites/pokemon/653.png', 'feunnec', 3580, NULL, 1, 0, 6, '2021-04-04 08:41:52'),
(3581, 'Roussil', 'Rouge', 654, 'https://raw.githubusercontent.com/PokeAPI/sprites/master/sprites/pokemon/654.png', 'roussil', 3580, 3580, 2, 1, 5, '2021-04-05 08:42:23'),
(3582, 'Goupelin', 'Rouge', 655, 'https://raw.githubusercontent.com/PokeAPI/sprites/master/sprites/pokemon/655.png', 'goupelin', 3580, 3581, 3, 2, 4, '2021-04-05 08:42:23'),
(3583, 'Grenousse', 'Bleu', 656, 'https://raw.githubusercontent.com/PokeAPI/sprites/master/sprites/pokemon/656.png', 'grenousse', 3583, NULL, 1, 0, 6, '2021-04-04 08:41:52'),
(3584, 'Croâporal', 'Bleu', 657, 'https://raw.githubusercontent.com/PokeAPI/sprites/master/sprites/pokemon/657.png', 'croaporal', 3583, 3583, 2, 1, 5, '2021-04-05 08:42:24'),
(3585, 'Amphinobi', 'Bleu', 658, 'https://raw.githubusercontent.com/PokeAPI/sprites/master/sprites/pokemon/658.png', 'amphinobi', 3583, 3584, 3, 2, 4, '2021-04-05 08:42:24'),
(3586, 'Sapereau', 'Brun', 659, 'https://raw.githubusercontent.com/PokeAPI/sprites/master/sprites/pokemon/659.png', 'sapereau', 3586, NULL, 1, 0, 4, '2021-04-04 08:41:52'),
(3587, 'Excavarenne', 'Brun', 660, 'https://raw.githubusercontent.com/PokeAPI/sprites/master/sprites/pokemon/660.png', 'excavarenne', 3586, 3586, 2, 1, 3, '2021-04-05 08:42:24'),
(3588, 'Passerouge', 'Rouge', 661, 'https://raw.githubusercontent.com/PokeAPI/sprites/master/sprites/pokemon/661.png', 'passerouge', 3588, NULL, 1, 0, 6, '2021-04-04 08:41:52'),
(3589, 'Braisillon', 'Rouge', 662, 'https://raw.githubusercontent.com/PokeAPI/sprites/master/sprites/pokemon/662.png', 'braisillon', 3588, 3588, 2, 1, 5, '2021-04-05 08:42:25'),
(3590, 'Flambusard', 'Rouge', 663, 'https://raw.githubusercontent.com/PokeAPI/sprites/master/sprites/pokemon/663.png', 'flambusard', 3588, 3589, 3, 2, 4, '2021-04-05 08:42:25'),
(3591, 'Lépidonille', 'Noir', 664, 'https://raw.githubusercontent.com/PokeAPI/sprites/master/sprites/pokemon/664.png', 'lepidonille', 3591, NULL, 1, 0, 6, '2021-04-04 08:41:52'),
(3592, 'Pérégrain', 'Noir', 665, 'https://raw.githubusercontent.com/PokeAPI/sprites/master/sprites/pokemon/665.png', 'peregrain', 3591, 3591, 2, 1, 5, '2021-04-05 08:42:25'),
(3593, 'Prismillon', 'Blanc', 666, 'https://raw.githubusercontent.com/PokeAPI/sprites/master/sprites/pokemon/666.png', 'prismillon', 3591, 3592, 3, 2, 4, '2021-04-05 08:42:25'),
(3594, 'Hélionceau', 'Brun', 667, 'https://raw.githubusercontent.com/PokeAPI/sprites/master/sprites/pokemon/667.png', 'helionceau', 3594, NULL, 1, 0, 4, '2021-04-04 08:41:52'),
(3595, 'Némélios', 'Brun', 668, 'https://raw.githubusercontent.com/PokeAPI/sprites/master/sprites/pokemon/668.png', 'nemelios', 3594, 3594, 2, 1, 3, '2021-04-05 08:42:25'),
(3596, 'Flabébé', 'Blanc', 669, 'https://raw.githubusercontent.com/PokeAPI/sprites/master/sprites/pokemon/669.png', 'flabebe', 3596, NULL, 1, 0, 6, '2021-04-04 08:41:52'),
(3597, 'Floette', 'Blanc', 670, 'https://raw.githubusercontent.com/PokeAPI/sprites/master/sprites/pokemon/670.png', 'floette', 3596, 3596, 2, 1, 5, '2021-04-05 08:42:26'),
(3598, 'Florges', 'Blanc', 671, 'https://raw.githubusercontent.com/PokeAPI/sprites/master/sprites/pokemon/671.png', 'florges', 3596, 3597, 3, 2, 4, '2021-04-05 08:42:26'),
(3599, 'Cabriolaine', 'Brun', 672, 'https://raw.githubusercontent.com/PokeAPI/sprites/master/sprites/pokemon/672.png', 'cabriolaine', 3599, NULL, 1, 0, 4, '2021-04-04 08:41:52'),
(3600, 'Chevroum', 'Brun', 673, 'https://raw.githubusercontent.com/PokeAPI/sprites/master/sprites/pokemon/673.png', 'chevroum', 3599, 3599, 2, 1, 3, '2021-04-05 08:42:26'),
(3601, 'Pandespiègle', 'Blanc', 674, 'https://raw.githubusercontent.com/PokeAPI/sprites/master/sprites/pokemon/674.png', 'pandespiegle', 3601, NULL, 1, 0, 4, '2021-04-04 08:41:52'),
(3602, 'Pandarbare', 'Blanc', 675, 'https://raw.githubusercontent.com/PokeAPI/sprites/master/sprites/pokemon/675.png', 'pandarbare', 3601, 3601, 2, 1, 3, '2021-04-05 08:42:26'),
(3603, 'Couafarel', 'Blanc', 676, 'https://raw.githubusercontent.com/PokeAPI/sprites/master/sprites/pokemon/676.png', 'couafarel', 3603, NULL, 1, 0, 2, '2021-04-04 08:41:52'),
(3604, 'Psystigri', 'Gris', 677, 'https://raw.githubusercontent.com/PokeAPI/sprites/master/sprites/pokemon/677.png', 'psystigri', 3604, NULL, 1, 0, 4, '2021-04-04 08:41:52'),
(3605, 'Mistigrix', 'Bleu', 678, 'https://raw.githubusercontent.com/PokeAPI/sprites/master/sprites/pokemon/678.png', 'mistigrix', 3604, 3604, 2, 1, 3, '2021-04-05 08:42:27'),
(3606, 'Monorpale', 'Brun', 679, 'https://raw.githubusercontent.com/PokeAPI/sprites/master/sprites/pokemon/679.png', 'monorpale', 3606, NULL, 1, 0, 6, '2021-04-04 08:41:52'),
(3607, 'Dimoclès', 'Brun', 680, 'https://raw.githubusercontent.com/PokeAPI/sprites/master/sprites/pokemon/680.png', 'dimocles', 3606, 3606, 2, 1, 5, '2021-04-05 08:42:27'),
(3608, 'Exagide', 'Brun', 681, 'https://raw.githubusercontent.com/PokeAPI/sprites/master/sprites/pokemon/681.png', 'exagide', 3606, 3607, 3, 2, 4, '2021-04-05 08:42:27'),
(3609, 'Fluvetin', 'Rose', 682, 'https://raw.githubusercontent.com/PokeAPI/sprites/master/sprites/pokemon/682.png', 'fluvetin', 3609, NULL, 1, 0, 4, '2021-04-04 08:41:52'),
(3610, 'Cocotine', 'Rose', 683, 'https://raw.githubusercontent.com/PokeAPI/sprites/master/sprites/pokemon/683.png', 'cocotine', 3609, 3609, 2, 1, 3, '2021-04-05 08:42:27'),
(3611, 'Sucroquin', 'Blanc', 684, 'https://raw.githubusercontent.com/PokeAPI/sprites/master/sprites/pokemon/684.png', 'sucroquin', 3611, NULL, 1, 0, 4, '2021-04-04 08:41:52'),
(3612, 'Cupcanaille', 'Blanc', 685, 'https://raw.githubusercontent.com/PokeAPI/sprites/master/sprites/pokemon/685.png', 'cupcanaille', 3611, 3611, 2, 1, 3, '2021-04-05 08:42:27'),
(3613, 'Sepiatop', 'Bleu', 686, 'https://raw.githubusercontent.com/PokeAPI/sprites/master/sprites/pokemon/686.png', 'sepiatop', 3613, NULL, 1, 0, 4, '2021-04-04 08:41:52'),
(3614, 'Sepiatroce', 'Bleu', 687, 'https://raw.githubusercontent.com/PokeAPI/sprites/master/sprites/pokemon/687.png', 'sepiatroce', 3613, 3613, 2, 1, 3, '2021-04-05 08:42:28'),
(3615, 'Opermine', 'Brun', 688, 'https://raw.githubusercontent.com/PokeAPI/sprites/master/sprites/pokemon/688.png', 'opermine', 3615, NULL, 1, 0, 4, '2021-04-04 08:41:52'),
(3616, 'Golgopathe', 'Brun', 689, 'https://raw.githubusercontent.com/PokeAPI/sprites/master/sprites/pokemon/689.png', 'golgopathe', 3615, 3615, 2, 1, 3, '2021-04-05 08:42:28'),
(3617, 'Venalgue', 'Brun', 690, 'https://raw.githubusercontent.com/PokeAPI/sprites/master/sprites/pokemon/690.png', 'venalgue', 3617, NULL, 1, 0, 4, '2021-04-04 08:41:52'),
(3618, 'Kravarech', 'Brun', 691, 'https://raw.githubusercontent.com/PokeAPI/sprites/master/sprites/pokemon/691.png', 'kravarech', 3617, 3617, 2, 1, 3, '2021-04-05 08:42:28'),
(3619, 'Flingouste', 'Bleu', 692, 'https://raw.githubusercontent.com/PokeAPI/sprites/master/sprites/pokemon/692.png', 'flingouste', 3619, NULL, 1, 0, 4, '2021-04-04 08:41:52'),
(3620, 'Gamblast', 'Bleu', 693, 'https://raw.githubusercontent.com/PokeAPI/sprites/master/sprites/pokemon/693.png', 'gamblast', 3619, 3619, 2, 1, 3, '2021-04-05 08:42:28'),
(3621, 'Galvaran', 'Jaune', 694, 'https://raw.githubusercontent.com/PokeAPI/sprites/master/sprites/pokemon/694.png', 'galvaran', 3621, NULL, 1, 0, 4, '2021-04-04 08:41:52'),
(3622, 'Iguolta', 'Jaune', 695, 'https://raw.githubusercontent.com/PokeAPI/sprites/master/sprites/pokemon/695.png', 'iguolta', 3621, 3621, 2, 1, 3, '2021-04-05 08:42:29'),
(3623, 'Ptyranidur', 'Brun', 696, 'https://raw.githubusercontent.com/PokeAPI/sprites/master/sprites/pokemon/696.png', 'ptyranidur', 3623, NULL, 1, 0, 4, '2021-04-04 08:41:52'),
(3624, 'Rexillius', 'Rouge', 697, 'https://raw.githubusercontent.com/PokeAPI/sprites/master/sprites/pokemon/697.png', 'rexillius', 3623, 3623, 2, 1, 3, '2021-04-05 08:42:29'),
(3625, 'Amagara', 'Bleu', 698, 'https://raw.githubusercontent.com/PokeAPI/sprites/master/sprites/pokemon/698.png', 'amagara', 3625, NULL, 1, 0, 4, '2021-04-04 08:41:52'),
(3626, 'Dragmara', 'Bleu', 699, 'https://raw.githubusercontent.com/PokeAPI/sprites/master/sprites/pokemon/699.png', 'dragmara', 3625, 3625, 2, 1, 3, '2021-04-05 08:42:29'),
(3627, 'Nymphali', 'Rose', 700, 'https://raw.githubusercontent.com/PokeAPI/sprites/master/sprites/pokemon/700.png', 'nymphali', 2591, 2591, 2, 1, 3, '2021-04-05 08:42:29'),
(3628, 'Brutalibré', 'Vert', 701, 'https://raw.githubusercontent.com/PokeAPI/sprites/master/sprites/pokemon/701.png', 'brutalibre', 3628, NULL, 1, 0, 2, '2021-04-04 08:41:52'),
(3629, 'Dedenne', 'Jaune', 702, 'https://raw.githubusercontent.com/PokeAPI/sprites/master/sprites/pokemon/702.png', 'dedenne', 3629, NULL, 1, 0, 2, '2021-04-04 08:41:52'),
(3630, 'Strassie', 'Gris', 703, 'https://raw.githubusercontent.com/PokeAPI/sprites/master/sprites/pokemon/703.png', 'strassie', 3630, NULL, 1, 0, 2, '2021-04-04 08:41:52'),
(3631, 'Mucuscule', 'Violet', 704, 'https://raw.githubusercontent.com/PokeAPI/sprites/master/sprites/pokemon/704.png', 'mucuscule', 3631, NULL, 1, 0, 6, '2021-04-04 08:41:52'),
(3632, 'Colimucus', 'Violet', 705, 'https://raw.githubusercontent.com/PokeAPI/sprites/master/sprites/pokemon/705.png', 'colimucus', 3631, 3631, 2, 1, 5, '2021-04-05 08:42:30'),
(3633, 'Muplodocus', 'Violet', 706, 'https://raw.githubusercontent.com/PokeAPI/sprites/master/sprites/pokemon/706.png', 'muplodocus', 3631, 3632, 3, 2, 4, '2021-04-05 08:42:30'),
(3634, 'Trousselin', 'Gris', 707, 'https://raw.githubusercontent.com/PokeAPI/sprites/master/sprites/pokemon/707.png', 'trousselin', 3634, NULL, 1, 0, 2, '2021-04-04 08:41:52'),
(3635, 'Brocélôme', 'Brun', 708, 'https://raw.githubusercontent.com/PokeAPI/sprites/master/sprites/pokemon/708.png', 'brocelome', 3635, NULL, 1, 0, 4, '2021-04-04 08:41:52'),
(3636, 'Desséliande', 'Brun', 709, 'https://raw.githubusercontent.com/PokeAPI/sprites/master/sprites/pokemon/709.png', 'desseliande', 3635, 3635, 2, 1, 3, '2021-04-05 08:42:30'),
(3637, 'Pitrouille', 'Brun', 710, 'https://raw.githubusercontent.com/PokeAPI/sprites/master/sprites/pokemon/710.png', 'pitrouille', 3637, NULL, 1, 0, 4, '2021-04-04 08:41:52'),
(3638, 'Banshitrouye', 'Brun', 711, 'https://raw.githubusercontent.com/PokeAPI/sprites/master/sprites/pokemon/711.png', 'banshitrouye', 3637, 3637, 2, 1, 3, '2021-04-05 08:42:30'),
(3639, 'Grelaçon', 'Bleu', 712, 'https://raw.githubusercontent.com/PokeAPI/sprites/master/sprites/pokemon/712.png', 'grelacon', 3639, NULL, 1, 0, 4, '2021-04-04 08:41:52'),
(3640, 'Séracrawl', 'Bleu', 713, 'https://raw.githubusercontent.com/PokeAPI/sprites/master/sprites/pokemon/713.png', 'seracrawl', 3639, 3639, 2, 1, 3, '2021-04-05 08:42:30'),
(3641, 'Sonistrelle', 'Violet', 714, 'https://raw.githubusercontent.com/PokeAPI/sprites/master/sprites/pokemon/714.png', 'sonistrelle', 3641, NULL, 1, 0, 4, '2021-04-04 08:41:52'),
(3642, 'Bruyverne', 'Violet', 715, 'https://raw.githubusercontent.com/PokeAPI/sprites/master/sprites/pokemon/715.png', 'bruyverne', 3641, 3641, 2, 1, 3, '2021-04-05 08:42:31'),
(3643, 'Xerneas', 'Bleu', 716, 'https://raw.githubusercontent.com/PokeAPI/sprites/master/sprites/pokemon/716.png', 'xerneas', 3643, NULL, 1, 0, 2, '2021-04-04 08:41:52'),
(3644, 'Yveltal', 'Rouge', 717, 'https://raw.githubusercontent.com/PokeAPI/sprites/master/sprites/pokemon/717.png', 'yveltal', 3644, NULL, 1, 0, 2, '2021-04-04 08:41:52'),
(3645, 'Zygarde', 'Vert', 718, 'https://raw.githubusercontent.com/PokeAPI/sprites/master/sprites/pokemon/718.png', 'zygarde', 3645, NULL, 1, 0, 2, '2021-04-04 08:41:52'),
(3646, 'Diancie', 'Rose', 719, 'https://raw.githubusercontent.com/PokeAPI/sprites/master/sprites/pokemon/719.png', 'diancie', 3646, NULL, 1, 0, 2, '2021-04-04 08:41:52'),
(3647, 'Hoopa', 'Violet', 720, 'https://raw.githubusercontent.com/PokeAPI/sprites/master/sprites/pokemon/720.png', 'hoopa', 3647, NULL, 1, 0, 2, '2021-04-04 08:41:52'),
(3648, 'Volcanion', 'Brun', 721, 'https://raw.githubusercontent.com/PokeAPI/sprites/master/sprites/pokemon/721.png', 'volcanion', 3648, NULL, 1, 0, 2, '2021-04-04 08:41:52'),
(3649, 'Brindibou', 'Brun', 722, 'https://raw.githubusercontent.com/PokeAPI/sprites/master/sprites/pokemon/722.png', 'brindibou', 3649, NULL, 1, 0, 6, '2021-04-04 08:41:52'),
(3650, 'Efflèche', 'Brun', 723, 'https://raw.githubusercontent.com/PokeAPI/sprites/master/sprites/pokemon/723.png', 'effleche', 3649, 3649, 2, 1, 5, '2021-04-05 08:42:31'),
(3651, 'Archéduc', 'Brun', 724, 'https://raw.githubusercontent.com/PokeAPI/sprites/master/sprites/pokemon/724.png', 'archeduc', 3649, 3650, 3, 2, 4, '2021-04-05 08:42:31'),
(3652, 'Flamiaou', 'Rouge', 725, 'https://raw.githubusercontent.com/PokeAPI/sprites/master/sprites/pokemon/725.png', 'flamiaou', 3652, NULL, 1, 0, 6, '2021-04-04 08:41:52'),
(3653, 'Matoufeu', 'Rouge', 726, 'https://raw.githubusercontent.com/PokeAPI/sprites/master/sprites/pokemon/726.png', 'matoufeu', 3652, 3652, 2, 1, 5, '2021-04-05 08:42:32'),
(3654, 'Félinferno', 'Rouge', 727, 'https://raw.githubusercontent.com/PokeAPI/sprites/master/sprites/pokemon/727.png', 'felinferno', 3652, 3653, 3, 2, 4, '2021-04-05 08:42:32'),
(3655, 'Otaquin', 'Bleu', 728, 'https://raw.githubusercontent.com/PokeAPI/sprites/master/sprites/pokemon/728.png', 'otaquin', 3655, NULL, 1, 0, 6, '2021-04-04 08:41:52'),
(3656, 'Otarlette', 'Bleu', 729, 'https://raw.githubusercontent.com/PokeAPI/sprites/master/sprites/pokemon/729.png', 'otarlette', 3655, 3655, 2, 1, 5, '2021-04-05 08:42:32'),
(3657, 'Oratoria', 'Bleu', 730, 'https://raw.githubusercontent.com/PokeAPI/sprites/master/sprites/pokemon/730.png', 'oratoria', 3655, 3656, 3, 2, 4, '2021-04-05 08:42:32'),
(3658, 'Picassaut', 'Noir', 731, 'https://raw.githubusercontent.com/PokeAPI/sprites/master/sprites/pokemon/731.png', 'picassaut', 3658, NULL, 1, 0, 6, '2021-04-04 08:41:52'),
(3659, 'Piclairon', 'Noir', 732, 'https://raw.githubusercontent.com/PokeAPI/sprites/master/sprites/pokemon/732.png', 'piclairon', 3658, 3658, 2, 1, 5, '2021-04-05 08:42:32'),
(3660, 'Bazoucan', 'Noir', 733, 'https://raw.githubusercontent.com/PokeAPI/sprites/master/sprites/pokemon/733.png', 'bazoucan', 3658, 3659, 3, 2, 4, '2021-04-05 08:42:33'),
(3661, 'Manglouton', 'Brun', 734, 'https://raw.githubusercontent.com/PokeAPI/sprites/master/sprites/pokemon/734.png', 'manglouton', 3661, NULL, 1, 0, 4, '2021-04-04 08:41:52'),
(3662, 'Argouste', 'Brun', 735, 'https://raw.githubusercontent.com/PokeAPI/sprites/master/sprites/pokemon/735.png', 'argouste', 3661, 3661, 2, 1, 3, '2021-04-05 08:42:33'),
(3663, 'Larvibule', 'Gris', 736, 'https://raw.githubusercontent.com/PokeAPI/sprites/master/sprites/pokemon/736.png', 'larvibule', 3663, NULL, 1, 0, 6, '2021-04-04 08:41:52'),
(3664, 'Chrysapile', 'Vert', 737, 'https://raw.githubusercontent.com/PokeAPI/sprites/master/sprites/pokemon/737.png', 'chrysapile', 3663, 3663, 2, 1, 5, '2021-04-05 08:42:33'),
(3665, 'Lucanon', 'Bleu', 738, 'https://raw.githubusercontent.com/PokeAPI/sprites/master/sprites/pokemon/738.png', 'lucanon', 3663, 3664, 3, 2, 4, '2021-04-05 08:42:33'),
(3666, 'Crabagarre', 'Violet', 739, 'https://raw.githubusercontent.com/PokeAPI/sprites/master/sprites/pokemon/739.png', 'crabagarre', 3666, NULL, 1, 0, 4, '2021-04-04 08:41:52'),
(3667, 'Crabominable', 'Blanc', 740, 'https://raw.githubusercontent.com/PokeAPI/sprites/master/sprites/pokemon/740.png', 'crabominable', 3666, 3666, 2, 1, 3, '2021-04-05 08:42:33'),
(3668, 'Plumeline', 'Rouge', 741, 'https://raw.githubusercontent.com/PokeAPI/sprites/master/sprites/pokemon/741.png', 'plumeline', 3668, NULL, 1, 0, 2, '2021-04-04 08:41:52'),
(3669, 'Bombydou', 'Jaune', 742, 'https://raw.githubusercontent.com/PokeAPI/sprites/master/sprites/pokemon/742.png', 'bombydou', 3669, NULL, 1, 0, 4, '2021-04-04 08:41:52'),
(3670, 'Rubombelle', 'Jaune', 743, 'https://raw.githubusercontent.com/PokeAPI/sprites/master/sprites/pokemon/743.png', 'rubombelle', 3669, 3669, 2, 1, 3, '2021-04-05 08:42:34'),
(3671, 'Rocabot', 'Brun', 744, 'https://raw.githubusercontent.com/PokeAPI/sprites/master/sprites/pokemon/744.png', 'rocabot', 3671, NULL, 1, 0, 4, '2021-04-04 08:41:52'),
(3672, 'Lougaroc', 'Brun', 745, 'https://raw.githubusercontent.com/PokeAPI/sprites/master/sprites/pokemon/745.png', 'lougaroc', 3671, 3671, 2, 1, 3, '2021-04-05 08:42:34'),
(3673, 'Froussardine', 'Bleu', 746, 'https://raw.githubusercontent.com/PokeAPI/sprites/master/sprites/pokemon/746.png', 'froussardine', 3673, NULL, 1, 0, 2, '2021-04-04 08:41:52'),
(3674, 'Vorastérie', 'Bleu', 747, 'https://raw.githubusercontent.com/PokeAPI/sprites/master/sprites/pokemon/747.png', 'vorasterie', 3674, NULL, 1, 0, 4, '2021-04-04 08:41:52'),
(3675, 'Prédastérie', 'Bleu', 748, 'https://raw.githubusercontent.com/PokeAPI/sprites/master/sprites/pokemon/748.png', 'predasterie', 3674, 3674, 2, 1, 3, '2021-04-05 08:42:34'),
(3676, 'Tiboudet', 'Brun', 749, 'https://raw.githubusercontent.com/PokeAPI/sprites/master/sprites/pokemon/749.png', 'tiboudet', 3676, NULL, 1, 0, 4, '2021-04-04 08:41:52'),
(3677, 'Bourrinos', 'Brun', 750, 'https://raw.githubusercontent.com/PokeAPI/sprites/master/sprites/pokemon/750.png', 'bourrinos', 3676, 3676, 2, 1, 3, '2021-04-05 08:42:35'),
(3678, 'Araqua', 'Vert', 751, 'https://raw.githubusercontent.com/PokeAPI/sprites/master/sprites/pokemon/751.png', 'araqua', 3678, NULL, 1, 0, 4, '2021-04-04 08:41:52'),
(3679, 'Tarenbulle', 'Vert', 752, 'https://raw.githubusercontent.com/PokeAPI/sprites/master/sprites/pokemon/752.png', 'tarenbulle', 3678, 3678, 2, 1, 3, '2021-04-05 08:42:35'),
(3680, 'Mimantis', 'Rose', 753, 'https://raw.githubusercontent.com/PokeAPI/sprites/master/sprites/pokemon/753.png', 'mimantis', 3680, NULL, 1, 0, 4, '2021-04-04 08:41:52'),
(3681, 'Floramantis', 'Rose', 754, 'https://raw.githubusercontent.com/PokeAPI/sprites/master/sprites/pokemon/754.png', 'floramantis', 3680, 3680, 2, 1, 3, '2021-04-05 08:42:35'),
(3682, 'Spododo', 'Violet', 755, 'https://raw.githubusercontent.com/PokeAPI/sprites/master/sprites/pokemon/755.png', 'spododo', 3682, NULL, 1, 0, 4, '2021-04-04 08:41:52'),
(3683, 'Lampignon', 'Violet', 756, 'https://raw.githubusercontent.com/PokeAPI/sprites/master/sprites/pokemon/756.png', 'lampignon', 3682, 3682, 2, 1, 3, '2021-04-05 08:42:35'),
(3684, 'Tritox', 'Noir', 757, 'https://raw.githubusercontent.com/PokeAPI/sprites/master/sprites/pokemon/757.png', 'tritox', 3684, NULL, 1, 0, 4, '2021-04-04 08:41:52'),
(3685, 'Malamandre', 'Noir', 758, 'https://raw.githubusercontent.com/PokeAPI/sprites/master/sprites/pokemon/758.png', 'malamandre', 3684, 3684, 2, 1, 3, '2021-04-05 08:42:35'),
(3686, 'Nounourson', 'Rose', 759, 'https://raw.githubusercontent.com/PokeAPI/sprites/master/sprites/pokemon/759.png', 'nounourson', 3686, NULL, 1, 0, 4, '2021-04-04 08:41:52'),
(3687, 'Chelours', 'Rose', 760, 'https://raw.githubusercontent.com/PokeAPI/sprites/master/sprites/pokemon/760.png', 'chelours', 3686, 3686, 2, 1, 3, '2021-04-05 08:42:36'),
(3688, 'Croquine', 'Violet', 761, 'https://raw.githubusercontent.com/PokeAPI/sprites/master/sprites/pokemon/761.png', 'croquine', 3688, NULL, 1, 0, 6, '2021-04-04 08:41:52'),
(3689, 'Candine', 'Violet', 762, 'https://raw.githubusercontent.com/PokeAPI/sprites/master/sprites/pokemon/762.png', 'candine', 3688, 3688, 2, 1, 5, '2021-04-05 08:42:36'),
(3690, 'Sucreine', 'Violet', 763, 'https://raw.githubusercontent.com/PokeAPI/sprites/master/sprites/pokemon/763.png', 'sucreine', 3688, 3689, 3, 2, 4, '2021-04-05 08:42:36'),
(3691, 'Guérilande', 'Vert', 764, 'https://raw.githubusercontent.com/PokeAPI/sprites/master/sprites/pokemon/764.png', 'guerilande', 3691, NULL, 1, 0, 2, '2021-04-04 08:41:52'),
(3692, 'Gouroutan', 'Blanc', 765, 'https://raw.githubusercontent.com/PokeAPI/sprites/master/sprites/pokemon/765.png', 'gouroutan', 3692, NULL, 1, 0, 2, '2021-04-04 08:41:52'),
(3693, 'Quartermac', 'Blanc', 766, 'https://raw.githubusercontent.com/PokeAPI/sprites/master/sprites/pokemon/766.png', 'quartermac', 3693, NULL, 1, 0, 2, '2021-04-04 08:41:52'),
(3694, 'Sovkipou', 'Gris', 767, 'https://raw.githubusercontent.com/PokeAPI/sprites/master/sprites/pokemon/767.png', 'sovkipou', 3694, NULL, 1, 0, 4, '2021-04-04 08:41:52'),
(3695, 'Sarmuraï', 'Gris', 768, 'https://raw.githubusercontent.com/PokeAPI/sprites/master/sprites/pokemon/768.png', 'sarmurai', 3694, 3694, 2, 1, 3, '2021-04-05 08:42:36'),
(3696, 'Bacabouh', 'Brun', 769, 'https://raw.githubusercontent.com/PokeAPI/sprites/master/sprites/pokemon/769.png', 'bacabouh', 3696, NULL, 1, 0, 4, '2021-04-04 08:41:52'),
(3697, 'Trépassable', 'Brun', 770, 'https://raw.githubusercontent.com/PokeAPI/sprites/master/sprites/pokemon/770.png', 'trepassable', 3696, 3696, 2, 1, 3, '2021-04-05 08:42:36'),
(3698, 'Concombaffe', 'Noir', 771, 'https://raw.githubusercontent.com/PokeAPI/sprites/master/sprites/pokemon/771.png', 'concombaffe', 3698, NULL, 1, 0, 2, '2021-04-04 08:41:52'),
(3699, 'Type:0', 'Gris', 772, 'https://raw.githubusercontent.com/PokeAPI/sprites/master/sprites/pokemon/772.png', 'type-0', 3699, NULL, 1, 0, 4, '2021-04-04 08:41:52'),
(3700, 'Silvallié', 'Gris', 773, 'https://raw.githubusercontent.com/PokeAPI/sprites/master/sprites/pokemon/773.png', 'silvallie', 3699, 3699, 2, 1, 3, '2021-04-05 08:42:37'),
(3701, 'Météno', 'Brun', 774, 'https://raw.githubusercontent.com/PokeAPI/sprites/master/sprites/pokemon/774.png', 'meteno', 3701, NULL, 1, 0, 2, '2021-04-04 08:41:52'),
(3702, 'Dodoala', 'Bleu', 775, 'https://raw.githubusercontent.com/PokeAPI/sprites/master/sprites/pokemon/775.png', 'dodoala', 3702, NULL, 1, 0, 2, '2021-04-04 08:41:52'),
(3703, 'Boumata', 'Rouge', 776, 'https://raw.githubusercontent.com/PokeAPI/sprites/master/sprites/pokemon/776.png', 'boumata', 3703, NULL, 1, 0, 2, '2021-04-04 08:41:52'),
(3704, 'Togedemaru', 'Gris', 777, 'https://raw.githubusercontent.com/PokeAPI/sprites/master/sprites/pokemon/777.png', 'togedemaru', 3704, NULL, 1, 0, 2, '2021-04-04 08:41:52'),
(3705, 'Mimiqui', 'Jaune', 778, 'https://raw.githubusercontent.com/PokeAPI/sprites/master/sprites/pokemon/778.png', 'mimiqui', 3705, NULL, 1, 0, 2, '2021-04-04 08:41:52'),
(3706, 'Denticrisse', 'Rose', 779, 'https://raw.githubusercontent.com/PokeAPI/sprites/master/sprites/pokemon/779.png', 'denticrisse', 3706, NULL, 1, 0, 2, '2021-04-04 08:41:52'),
(3707, 'Draïeul', 'Blanc', 780, 'https://raw.githubusercontent.com/PokeAPI/sprites/master/sprites/pokemon/780.png', 'draieul', 3707, NULL, 1, 0, 2, '2021-04-04 08:41:52'),
(3708, 'Sinistrail', 'Vert', 781, 'https://raw.githubusercontent.com/PokeAPI/sprites/master/sprites/pokemon/781.png', 'sinistrail', 3708, NULL, 1, 0, 2, '2021-04-04 08:41:52'),
(3709, 'Bébécaille', 'Gris', 782, 'https://raw.githubusercontent.com/PokeAPI/sprites/master/sprites/pokemon/782.png', 'bebecaille', 3709, NULL, 1, 0, 6, '2021-04-04 08:41:52'),
(3710, 'Écaïd', 'Gris', 783, 'https://raw.githubusercontent.com/PokeAPI/sprites/master/sprites/pokemon/783.png', 'ecaid', 3709, 3709, 2, 1, 5, '2021-04-05 08:42:38'),
(3711, 'Ékaïser', 'Gris', 784, 'https://raw.githubusercontent.com/PokeAPI/sprites/master/sprites/pokemon/784.png', 'ekaiser', 3709, 3710, 3, 2, 4, '2021-04-05 08:42:38'),
(3712, 'Tokorico', 'Jaune', 785, 'https://raw.githubusercontent.com/PokeAPI/sprites/master/sprites/pokemon/785.png', 'tokorico', 3712, NULL, 1, 0, 2, '2021-04-04 08:41:52'),
(3713, 'Tokopiyon', 'Rose', 786, 'https://raw.githubusercontent.com/PokeAPI/sprites/master/sprites/pokemon/786.png', 'tokopiyon', 3713, NULL, 1, 0, 2, '2021-04-04 08:41:52'),
(3714, 'Tokotoro', 'Rouge', 787, 'https://raw.githubusercontent.com/PokeAPI/sprites/master/sprites/pokemon/787.png', 'tokotoro', 3714, NULL, 1, 0, 2, '2021-04-04 08:41:52'),
(3715, 'Tokopisco', 'Violet', 788, 'https://raw.githubusercontent.com/PokeAPI/sprites/master/sprites/pokemon/788.png', 'tokopisco', 3715, NULL, 1, 0, 2, '2021-04-04 08:41:52'),
(3716, 'Cosmog', 'Bleu', 789, 'https://raw.githubusercontent.com/PokeAPI/sprites/master/sprites/pokemon/789.png', 'cosmog', 3716, NULL, 1, 0, 8, '2021-04-04 08:41:52'),
(3717, 'Cosmovum', 'Bleu', 790, 'https://raw.githubusercontent.com/PokeAPI/sprites/master/sprites/pokemon/790.png', 'cosmovum', 3716, 3716, 2, 1, 7, '2021-04-05 08:42:39'),
(3718, 'Solgaleo', 'Blanc', 791, 'https://raw.githubusercontent.com/PokeAPI/sprites/master/sprites/pokemon/791.png', 'solgaleo', 3716, 3717, 5, 2, 6, '2021-04-05 08:42:39'),
(3719, 'Lunala', 'Violet', 792, 'https://raw.githubusercontent.com/PokeAPI/sprites/master/sprites/pokemon/792.png', 'lunala', 3716, 3717, 3, 2, 4, '2021-04-05 08:42:39'),
(3720, 'Zéroïd', 'Blanc', 793, 'https://raw.githubusercontent.com/PokeAPI/sprites/master/sprites/pokemon/793.png', 'zeroid', 3720, NULL, 1, 0, 2, '2021-04-04 08:41:52'),
(3721, 'Mouscoto', 'Rouge', 794, 'https://raw.githubusercontent.com/PokeAPI/sprites/master/sprites/pokemon/794.png', 'mouscoto', 3721, NULL, 1, 0, 2, '2021-04-04 08:41:52'),
(3722, 'Cancrelove', 'Blanc', 795, 'https://raw.githubusercontent.com/PokeAPI/sprites/master/sprites/pokemon/795.png', 'cancrelove', 3722, NULL, 1, 0, 2, '2021-04-04 08:41:52'),
(3723, 'Câblifère', 'Noir', 796, 'https://raw.githubusercontent.com/PokeAPI/sprites/master/sprites/pokemon/796.png', 'cablifere', 3723, NULL, 1, 0, 2, '2021-04-04 08:41:52'),
(3724, 'Bamboiselle', 'Vert', 797, 'https://raw.githubusercontent.com/PokeAPI/sprites/master/sprites/pokemon/797.png', 'bamboiselle', 3724, NULL, 1, 0, 2, '2021-04-04 08:41:52'),
(3725, 'Katagami', 'Blanc', 798, 'https://raw.githubusercontent.com/PokeAPI/sprites/master/sprites/pokemon/798.png', 'katagami', 3725, NULL, 1, 0, 2, '2021-04-04 08:41:52'),
(3726, 'Engloutyran', 'Noir', 799, 'https://raw.githubusercontent.com/PokeAPI/sprites/master/sprites/pokemon/799.png', 'engloutyran', 3726, NULL, 1, 0, 2, '2021-04-04 08:41:52'),
(3727, 'Magearna', 'Gris', 801, 'https://raw.githubusercontent.com/PokeAPI/sprites/master/sprites/pokemon/801.png', 'magearna', 3727, NULL, 1, 0, 2, '2021-04-04 08:41:52'),
(3728, 'Marshadow', 'Gris', 802, 'https://raw.githubusercontent.com/PokeAPI/sprites/master/sprites/pokemon/802.png', 'marshadow', 3728, NULL, 1, 0, 2, '2021-04-04 08:41:52'),
(3729, 'Vémini', 'Violet', 803, 'https://raw.githubusercontent.com/PokeAPI/sprites/master/sprites/pokemon/803.png', 'vemini', 3729, NULL, 1, 0, 4, '2021-04-04 08:41:52'),
(3730, 'Mandrillon', 'Violet', 804, 'https://raw.githubusercontent.com/PokeAPI/sprites/master/sprites/pokemon/804.png', 'mandrillon', 3729, 3729, 2, 1, 3, '2021-04-05 08:42:40'),
(3731, 'Ama-Ama', 'Gris', 805, 'https://raw.githubusercontent.com/PokeAPI/sprites/master/sprites/pokemon/805.png', 'ama-ama', 3731, NULL, 1, 0, 2, '2021-04-04 08:41:52'),
(3732, 'Pierroteknik', 'Blanc', 806, 'https://raw.githubusercontent.com/PokeAPI/sprites/master/sprites/pokemon/806.png', 'pierroteknik', 3732, NULL, 1, 0, 2, '2021-04-04 08:41:52'),
(3733, 'Zeraora', 'Jaune', 807, 'https://raw.githubusercontent.com/PokeAPI/sprites/master/sprites/pokemon/807.png', 'zeraora', 3733, NULL, 1, 0, 2, '2021-04-04 08:41:52'),
(3734, 'Necrozma', 'Noir', 800, 'https://raw.githubusercontent.com/PokeAPI/sprites/master/sprites/pokemon/800.png', 'necrozma', 3734, NULL, 1, 0, 2, '2021-04-04 08:41:52'),
(3735, 'Meltan', 'Gris', 808, 'https://raw.githubusercontent.com/PokeAPI/sprites/master/sprites/pokemon/808.png', 'meltan', 3735, NULL, 1, 0, 4, '2021-04-04 08:41:52'),
(3736, 'Melmetal', 'Gris', 809, 'https://raw.githubusercontent.com/PokeAPI/sprites/master/sprites/pokemon/809.png', 'melmetal', 3735, 3735, 2, 1, 3, '2021-04-05 08:42:41'),
(3737, 'Ouistempo', 'Vert', 810, 'https://raw.githubusercontent.com/PokeAPI/sprites/master/sprites/pokemon/810.png', 'ouistempo', 3737, NULL, 1, 0, 6, '2021-04-04 08:41:52'),
(3738, 'Badabouin', 'Vert', 811, 'https://raw.githubusercontent.com/PokeAPI/sprites/master/sprites/pokemon/811.png', 'badabouin', 3737, 3737, 2, 1, 5, '2021-04-05 08:42:41'),
(3739, 'Gorythmic', 'Vert', 812, 'https://raw.githubusercontent.com/PokeAPI/sprites/master/sprites/pokemon/812.png', 'gorythmic', 3737, 3738, 3, 2, 4, '2021-04-05 08:42:41'),
(3740, 'Flambino', 'Blanc', 813, 'https://raw.githubusercontent.com/PokeAPI/sprites/master/sprites/pokemon/813.png', 'flambino', 3740, NULL, 1, 0, 6, '2021-04-04 08:41:52'),
(3741, 'Lapyro', 'Gris', 814, 'https://raw.githubusercontent.com/PokeAPI/sprites/master/sprites/pokemon/814.png', 'lapyro', 3740, 3740, 2, 1, 5, '2021-04-05 08:42:41'),
(3742, 'Pyrobut', 'Blanc', 815, 'https://raw.githubusercontent.com/PokeAPI/sprites/master/sprites/pokemon/815.png', 'pyrobut', 3740, 3741, 3, 2, 4, '2021-04-05 08:42:41'),
(3743, 'Larméléon', 'Bleu', 816, 'https://raw.githubusercontent.com/PokeAPI/sprites/master/sprites/pokemon/816.png', 'larmeleon', 3743, NULL, 1, 0, 6, '2021-04-04 08:41:52'),
(3744, 'Arrozard', 'Bleu', 817, 'https://raw.githubusercontent.com/PokeAPI/sprites/master/sprites/pokemon/817.png', 'arrozard', 3743, 3743, 2, 1, 5, '2021-04-05 08:42:42'),
(3745, 'Lézargus', 'Bleu', 818, 'https://raw.githubusercontent.com/PokeAPI/sprites/master/sprites/pokemon/818.png', 'lezargus', 3743, 3744, 3, 2, 4, '2021-04-05 08:42:42'),
(3746, 'Rongourmand', 'Brun', 819, 'https://raw.githubusercontent.com/PokeAPI/sprites/master/sprites/pokemon/819.png', 'rongourmand', 3746, NULL, 1, 0, 4, '2021-04-04 08:41:52'),
(3747, 'Rongrigou', 'Brun', 820, 'https://raw.githubusercontent.com/PokeAPI/sprites/master/sprites/pokemon/820.png', 'rongrigou', 3746, 3746, 2, 1, 3, '2021-04-05 08:42:42'),
(3748, 'Minisange', 'Bleu', 821, 'https://raw.githubusercontent.com/PokeAPI/sprites/master/sprites/pokemon/821.png', 'minisange', 3748, NULL, 1, 0, 6, '2021-04-04 08:41:52'),
(3749, 'Bleuseille', 'Bleu', 822, 'https://raw.githubusercontent.com/PokeAPI/sprites/master/sprites/pokemon/822.png', 'bleuseille', 3748, 3748, 2, 1, 5, '2021-04-05 08:42:42'),
(3750, 'Corvaillus', 'Violet', 823, 'https://raw.githubusercontent.com/PokeAPI/sprites/master/sprites/pokemon/823.png', 'corvaillus', 3748, 3749, 3, 2, 4, '2021-04-05 08:42:42'),
(3751, 'Larvadar', 'Bleu', 824, 'https://raw.githubusercontent.com/PokeAPI/sprites/master/sprites/pokemon/824.png', 'larvadar', 3751, NULL, 1, 0, 6, '2021-04-04 08:41:52'),
(3752, 'Coléodôme', 'Jaune', 825, 'https://raw.githubusercontent.com/PokeAPI/sprites/master/sprites/pokemon/825.png', 'coleodome', 3751, 3751, 2, 1, 5, '2021-04-05 08:42:43'),
(3753, 'Astronelle', 'Rouge', 826, 'https://raw.githubusercontent.com/PokeAPI/sprites/master/sprites/pokemon/826.png', 'astronelle', 3751, 3752, 3, 2, 4, '2021-04-05 08:42:43'),
(3754, 'Goupilou', 'Brun', 827, 'https://raw.githubusercontent.com/PokeAPI/sprites/master/sprites/pokemon/827.png', 'goupilou', 3754, NULL, 1, 0, 4, '2021-04-04 08:41:52'),
(3755, 'Roublenard', 'Brun', 828, 'https://raw.githubusercontent.com/PokeAPI/sprites/master/sprites/pokemon/828.png', 'roublenard', 3754, 3754, 2, 1, 3, '2021-04-05 08:42:43'),
(3756, 'Tournicoton', 'Vert', 829, 'https://raw.githubusercontent.com/PokeAPI/sprites/master/sprites/pokemon/829.png', 'tournicoton', 3756, NULL, 1, 0, 4, '2021-04-04 08:41:52'),
(3757, 'Blancoton', 'Vert', 830, 'https://raw.githubusercontent.com/PokeAPI/sprites/master/sprites/pokemon/830.png', 'blancoton', 3756, 3756, 2, 1, 3, '2021-04-05 08:42:43'),
(3758, 'Moumouton', 'Blanc', 831, 'https://raw.githubusercontent.com/PokeAPI/sprites/master/sprites/pokemon/831.png', 'moumouton', 3758, NULL, 1, 0, 4, '2021-04-04 08:41:52'),
(3759, 'Moumouflon', 'Blanc', 832, 'https://raw.githubusercontent.com/PokeAPI/sprites/master/sprites/pokemon/832.png', 'moumouflon', 3758, 3758, 2, 1, 3, '2021-04-05 08:42:44'),
(3760, 'Khélocrok', 'Vert', 833, 'https://raw.githubusercontent.com/PokeAPI/sprites/master/sprites/pokemon/833.png', 'khelocrok', 3760, NULL, 1, 0, 4, '2021-04-04 08:41:52'),
(3761, 'Torgamord', 'Vert', 834, 'https://raw.githubusercontent.com/PokeAPI/sprites/master/sprites/pokemon/834.png', 'torgamord', 3760, 3760, 2, 1, 3, '2021-04-05 08:42:44'),
(3762, 'Voltoutou', 'Jaune', 835, 'https://raw.githubusercontent.com/PokeAPI/sprites/master/sprites/pokemon/835.png', 'voltoutou', 3762, NULL, 1, 0, 4, '2021-04-04 08:41:52'),
(3763, 'Fulgudog', 'Jaune', 836, 'https://raw.githubusercontent.com/PokeAPI/sprites/master/sprites/pokemon/836.png', 'fulgudog', 3762, 3762, 2, 1, 3, '2021-04-05 08:42:44'),
(3764, 'Charbi', 'Noir', 837, 'https://raw.githubusercontent.com/PokeAPI/sprites/master/sprites/pokemon/837.png', 'charbi', 3764, NULL, 1, 0, 6, '2021-04-04 08:41:52'),
(3765, 'Wagomine', 'Noir', 838, 'https://raw.githubusercontent.com/PokeAPI/sprites/master/sprites/pokemon/838.png', 'wagomine', 3764, 3764, 2, 1, 5, '2021-04-05 08:42:45'),
(3766, 'Monthracite', 'Noir', 839, 'https://raw.githubusercontent.com/PokeAPI/sprites/master/sprites/pokemon/839.png', 'monthracite', 3764, 3765, 3, 2, 4, '2021-04-05 08:42:45'),
(3767, 'Verpom', 'Vert', 840, 'https://raw.githubusercontent.com/PokeAPI/sprites/master/sprites/pokemon/840.png', 'verpom', 3767, NULL, 1, 0, 6, '2021-04-04 08:41:52'),
(3768, 'Pomdrapi', 'Vert', 841, 'https://raw.githubusercontent.com/PokeAPI/sprites/master/sprites/pokemon/841.png', 'pomdrapi', 3767, 3767, 4, 1, 5, '2021-04-05 08:42:45'),
(3769, 'Dratatin', 'Vert', 842, 'https://raw.githubusercontent.com/PokeAPI/sprites/master/sprites/pokemon/842.png', 'dratatin', 3767, 3767, 2, 1, 3, '2021-04-05 08:42:45'),
(3770, 'Dunaja', 'Vert', 843, 'https://raw.githubusercontent.com/PokeAPI/sprites/master/sprites/pokemon/843.png', 'dunaja', 3770, NULL, 1, 0, 4, '2021-04-04 08:41:52'),
(3771, 'Dunaconda', 'Vert', 844, 'https://raw.githubusercontent.com/PokeAPI/sprites/master/sprites/pokemon/844.png', 'dunaconda', 3770, 3770, 2, 1, 3, '2021-04-05 08:42:45'),
(3772, 'Nigosier', 'Bleu', 845, 'https://raw.githubusercontent.com/PokeAPI/sprites/master/sprites/pokemon/845.png', 'nigosier', 3772, NULL, 1, 0, 2, '2021-04-04 08:41:52'),
(3773, 'Embrochet', 'Brun', 846, 'https://raw.githubusercontent.com/PokeAPI/sprites/master/sprites/pokemon/846.png', 'embrochet', 3773, NULL, 1, 0, 4, '2021-04-04 08:41:52'),
(3774, 'Hastacuda', 'Brun', 847, 'https://raw.githubusercontent.com/PokeAPI/sprites/master/sprites/pokemon/847.png', 'hastacuda', 3773, 3773, 2, 1, 3, '2021-04-05 08:42:46'),
(3775, 'Toxizap', 'Violet', 848, 'https://raw.githubusercontent.com/PokeAPI/sprites/master/sprites/pokemon/848.png', 'toxizap', 3775, NULL, 1, 0, 4, '2021-04-04 08:41:52'),
(3776, 'Salarsen', 'Violet', 849, 'https://raw.githubusercontent.com/PokeAPI/sprites/master/sprites/pokemon/849.png', 'salarsen', 3775, 3775, 2, 1, 3, '2021-04-05 08:42:47'),
(3777, 'Grillepattes', 'Rouge', 850, 'https://raw.githubusercontent.com/PokeAPI/sprites/master/sprites/pokemon/850.png', 'grillepattes', 3777, NULL, 1, 0, 4, '2021-04-04 08:41:52'),
(3778, 'Scolocendre', 'Rouge', 851, 'https://raw.githubusercontent.com/PokeAPI/sprites/master/sprites/pokemon/851.png', 'scolocendre', 3777, 3777, 2, 1, 3, '2021-04-05 08:42:47'),
(3779, 'Poulpaf', 'Brun', 852, 'https://raw.githubusercontent.com/PokeAPI/sprites/master/sprites/pokemon/852.png', 'poulpaf', 3779, NULL, 1, 0, 4, '2021-04-04 08:41:52'),
(3780, 'Krakos', 'Bleu', 853, 'https://raw.githubusercontent.com/PokeAPI/sprites/master/sprites/pokemon/853.png', 'krakos', 3779, 3779, 2, 1, 3, '2021-04-05 08:42:47'),
(3781, 'Théffroi', 'Violet', 854, 'https://raw.githubusercontent.com/PokeAPI/sprites/master/sprites/pokemon/854.png', 'theffroi', 3781, NULL, 1, 0, 4, '2021-04-04 08:41:52'),
(3782, 'Polthégeist', 'Violet', 855, 'https://raw.githubusercontent.com/PokeAPI/sprites/master/sprites/pokemon/855.png', 'polthegeist', 3781, 3781, 2, 1, 3, '2021-04-05 08:42:47'),
(3783, 'Bibichut', 'Rose', 856, 'https://raw.githubusercontent.com/PokeAPI/sprites/master/sprites/pokemon/856.png', 'bibichut', 3783, NULL, 1, 0, 6, '2021-04-04 08:41:52'),
(3784, 'Chapotus', 'Rose', 857, 'https://raw.githubusercontent.com/PokeAPI/sprites/master/sprites/pokemon/857.png', 'chapotus', 3783, 3783, 2, 1, 5, '2021-04-05 08:42:48'),
(3785, 'Sorcilence', 'Rose', 858, 'https://raw.githubusercontent.com/PokeAPI/sprites/master/sprites/pokemon/858.png', 'sorcilence', 3783, 3784, 3, 2, 4, '2021-04-05 08:42:48'),
(3786, 'Grimalin', 'Rose', 859, 'https://raw.githubusercontent.com/PokeAPI/sprites/master/sprites/pokemon/859.png', 'grimalin', 3786, NULL, 1, 0, 6, '2021-04-04 08:41:52'),
(3787, 'Fourbelin', 'Rose', 860, 'https://raw.githubusercontent.com/PokeAPI/sprites/master/sprites/pokemon/860.png', 'fourbelin', 3786, 3786, 2, 1, 5, '2021-04-05 08:42:48'),
(3788, 'Angoliath', 'Violet', 861, 'https://raw.githubusercontent.com/PokeAPI/sprites/master/sprites/pokemon/861.png', 'angoliath', 3786, 3787, 3, 2, 4, '2021-04-05 08:42:48'),
(3789, 'Ixon', 'Gris', 862, 'https://raw.githubusercontent.com/PokeAPI/sprites/master/sprites/pokemon/862.png', 'ixon', 2721, 2722, 3, 2, 4, '2021-04-05 08:42:48'),
(3790, 'Berserkatt', 'Brun', 863, 'https://raw.githubusercontent.com/PokeAPI/sprites/master/sprites/pokemon/863.png', 'berserkatt', 2510, 2510, 2, 1, 3, '2021-04-05 08:42:49'),
(3791, 'Corayôme', 'Blanc', 864, 'https://raw.githubusercontent.com/PokeAPI/sprites/master/sprites/pokemon/864.png', 'corayome', 2680, 2680, 2, 1, 3, '2021-04-05 08:42:49'),
(3792, 'Palarticho', 'Blanc', 865, 'https://raw.githubusercontent.com/PokeAPI/sprites/master/sprites/pokemon/865.png', 'palarticho', 2541, 2541, 2, 1, 3, '2021-04-05 08:42:49'),
(3793, 'M. Glaquette', 'Violet', 866, 'https://raw.githubusercontent.com/PokeAPI/sprites/master/sprites/pokemon/866.png', 'm-glaquette', 3064, 2580, 3, 2, 4, '2021-04-05 08:42:49'),
(3794, 'Tutétékri', 'Gris', 867, 'https://raw.githubusercontent.com/PokeAPI/sprites/master/sprites/pokemon/867.png', 'tutetekri', 3489, 3489, 2, 1, 3, '2021-04-05 08:42:49'),
(3795, 'Crèmy', 'Blanc', 868, 'https://raw.githubusercontent.com/PokeAPI/sprites/master/sprites/pokemon/868.png', 'cremy', 3795, NULL, 1, 0, 4, '2021-04-04 08:41:52'),
(3796, 'Charmilly', 'Blanc', 869, 'https://raw.githubusercontent.com/PokeAPI/sprites/master/sprites/pokemon/869.png', 'charmilly', 3795, 3795, 2, 1, 3, '2021-04-05 08:42:49'),
(3797, 'Hexadron', 'Jaune', 870, 'https://raw.githubusercontent.com/PokeAPI/sprites/master/sprites/pokemon/870.png', 'hexadron', 3797, NULL, 1, 0, 2, '2021-04-04 08:41:52'),
(3798, 'Wattapik', 'Violet', 871, 'https://raw.githubusercontent.com/PokeAPI/sprites/master/sprites/pokemon/871.png', 'wattapik', 3798, NULL, 1, 0, 2, '2021-04-04 08:41:52');
INSERT INTO `pokemon` (`id`, `name`, `color`, `api_id`, `image`, `slug`, `tree_root`, `parent_id`, `lft`, `lvl`, `rgt`, `updated_at`) VALUES
(3799, 'Frissonille', 'Blanc', 872, 'https://raw.githubusercontent.com/PokeAPI/sprites/master/sprites/pokemon/872.png', 'frissonille', 3799, NULL, 1, 0, 4, '2021-04-04 08:41:52'),
(3800, 'Beldeneige', 'Blanc', 873, 'https://raw.githubusercontent.com/PokeAPI/sprites/master/sprites/pokemon/873.png', 'beldeneige', 3799, 3799, 2, 1, 3, '2021-04-05 08:42:50'),
(3801, 'Dolman', 'Gris', 874, 'https://raw.githubusercontent.com/PokeAPI/sprites/master/sprites/pokemon/874.png', 'dolman', 3801, NULL, 1, 0, 2, '2021-04-04 08:41:52'),
(3802, 'Bekaglaçon', 'Bleu', 875, 'https://raw.githubusercontent.com/PokeAPI/sprites/master/sprites/pokemon/875.png', 'bekaglacon', 3802, NULL, 1, 0, 2, '2021-04-04 08:41:52'),
(3803, 'Wimessir', 'Violet', 876, 'https://raw.githubusercontent.com/PokeAPI/sprites/master/sprites/pokemon/876.png', 'wimessir', 3803, NULL, 1, 0, 2, '2021-04-04 08:41:52'),
(3804, 'Morpeko', 'Jaune', 877, 'https://raw.githubusercontent.com/PokeAPI/sprites/master/sprites/pokemon/877.png', 'morpeko', 3804, NULL, 1, 0, 2, '2021-04-04 08:41:52'),
(3805, 'Charibari', 'Jaune', 878, 'https://raw.githubusercontent.com/PokeAPI/sprites/master/sprites/pokemon/878.png', 'charibari', 3805, NULL, 1, 0, 4, '2021-04-04 08:41:52'),
(3806, 'Pachyradjah', 'Vert', 879, 'https://raw.githubusercontent.com/PokeAPI/sprites/master/sprites/pokemon/879.png', 'pachyradjah', 3805, 3805, 2, 1, 3, '2021-04-05 08:42:50'),
(3807, 'Galvagon', 'Vert', 880, 'https://raw.githubusercontent.com/PokeAPI/sprites/master/sprites/pokemon/880.png', 'galvagon', 3807, NULL, 1, 0, 2, '2021-04-04 08:41:52'),
(3808, 'Galvagla', 'Bleu', 881, 'https://raw.githubusercontent.com/PokeAPI/sprites/master/sprites/pokemon/881.png', 'galvagla', 3808, NULL, 1, 0, 2, '2021-04-04 08:41:52'),
(3809, 'Hydragon', 'Vert', 882, 'https://raw.githubusercontent.com/PokeAPI/sprites/master/sprites/pokemon/882.png', 'hydragon', 3809, NULL, 1, 0, 2, '2021-04-04 08:41:52'),
(3810, 'Hydragla', 'Bleu', 883, 'https://raw.githubusercontent.com/PokeAPI/sprites/master/sprites/pokemon/883.png', 'hydragla', 3810, NULL, 1, 0, 2, '2021-04-04 08:41:52'),
(3811, 'Duralugon', 'Blanc', 884, 'https://raw.githubusercontent.com/PokeAPI/sprites/master/sprites/pokemon/884.png', 'duralugon', 3811, NULL, 1, 0, 2, '2021-04-04 08:41:52'),
(3812, 'Fantyrm', 'Vert', 885, 'https://raw.githubusercontent.com/PokeAPI/sprites/master/sprites/pokemon/885.png', 'fantyrm', 3812, NULL, 1, 0, 6, '2021-04-04 08:41:52'),
(3813, 'Dispareptil', 'Vert', 886, 'https://raw.githubusercontent.com/PokeAPI/sprites/master/sprites/pokemon/886.png', 'dispareptil', 3812, 3812, 2, 1, 5, '2021-04-05 08:42:51'),
(3814, 'Lanssorien', 'Vert', 887, 'https://raw.githubusercontent.com/PokeAPI/sprites/master/sprites/pokemon/887.png', 'lanssorien', 3812, 3813, 3, 2, 4, '2021-04-05 08:42:51'),
(3815, 'Zacian', 'Bleu', 888, 'https://raw.githubusercontent.com/PokeAPI/sprites/master/sprites/pokemon/888.png', 'zacian', 3815, NULL, 1, 0, 2, '2021-04-04 08:41:52'),
(3816, 'Zamazenta', 'Rouge', 889, 'https://raw.githubusercontent.com/PokeAPI/sprites/master/sprites/pokemon/889.png', 'zamazenta', 3816, NULL, 1, 0, 2, '2021-04-04 08:41:52'),
(3817, 'Éthernatos', 'Violet', 890, 'https://raw.githubusercontent.com/PokeAPI/sprites/master/sprites/pokemon/890.png', 'ethernatos', 3817, NULL, 1, 0, 2, '2021-04-04 08:41:52'),
(3818, 'Wushours', 'Gris', 891, 'https://raw.githubusercontent.com/PokeAPI/sprites/master/sprites/pokemon/891.png', 'wushours', 3818, NULL, 1, 0, 4, '2021-04-04 08:41:52'),
(3819, 'Shifours', 'Gris', 892, 'https://raw.githubusercontent.com/PokeAPI/sprites/master/sprites/pokemon/892.png', 'shifours', 3818, 3818, 2, 1, 3, '2021-04-05 08:42:52'),
(3820, 'Zarude', 'Vert', 893, 'https://raw.githubusercontent.com/PokeAPI/sprites/master/sprites/pokemon/893.png', 'zarude', 3820, NULL, 1, 0, 2, '2021-04-04 08:41:52'),
(3821, 'Regieleki', 'Jaune', 894, 'https://raw.githubusercontent.com/PokeAPI/sprites/master/sprites/pokemon/894.png', 'regieleki', 3821, NULL, 1, 0, 2, '2021-04-04 08:41:52'),
(3822, 'Regidrago', 'Vert', 895, 'https://raw.githubusercontent.com/PokeAPI/sprites/master/sprites/pokemon/895.png', 'regidrago', 3822, NULL, 1, 0, 2, '2021-04-04 08:41:52'),
(3823, 'Blizzeval', 'Blanc', 896, NULL, 'blizzeval', 3823, NULL, 1, 0, 2, '2021-04-04 08:41:52'),
(3824, 'Spectreval', 'Noir', 897, NULL, 'spectreval', 3824, NULL, 1, 0, 2, '2021-04-04 08:41:52'),
(3825, 'Sylveroy', 'Vert', 898, 'https://raw.githubusercontent.com/PokeAPI/sprites/master/sprites/pokemon/898.png', 'sylveroy', 3825, NULL, 1, 0, 2, '2021-04-04 08:41:52');

-- --------------------------------------------------------

--
-- Structure de la table `tournament`
--

CREATE TABLE `tournament` (
  `id` int(11) NOT NULL,
  `name` varchar(255) COLLATE utf8mb4_unicode_ci NOT NULL,
  `date` datetime DEFAULT NULL,
  `number_pokemons` int(11) NOT NULL
) ENGINE=InnoDB DEFAULT CHARSET=utf8mb4 COLLATE=utf8mb4_unicode_ci;

--
-- Déchargement des données de la table `tournament`
--

INSERT INTO `tournament` (`id`, `name`, `date`, `number_pokemons`) VALUES
(8, 'test', '2020-12-01 11:35:00', 8),
(9, 'Test du mardi', '2020-12-01 14:45:44', 8),
(10, 'test', '2020-12-01 15:46:30', 8),
(13, 'tretrt', '2020-12-01 23:46:52', 8),
(14, 'tournoi du lundi', '2021-02-08 17:02:34', 8),
(15, 'Tournoi du lundi aprem', '2021-02-09 15:36:10', 8),
(16, 'Tournoi du lundi aprem2', '2021-02-09 15:40:01', 8),
(17, 'Tournoi 3 du lundi aprem', '2021-02-09 17:25:38', 8),
(18, 'Tournoi 4 du lundi aprem', '2021-02-09 18:39:31', 8),
(19, 'Tournoi des evoli', '2021-02-09 18:43:08', 8),
(20, 'Tournoi des Evoli', '2021-02-14 15:25:53', 8),
(21, 'Tournoi du lundi', '2021-02-15 11:58:24', 8),
(22, 'test', '2021-03-17 11:01:17', 8),
(23, 'Tournoi du mercredi', '2021-03-17 11:13:59', 8),
(24, 'Coupe d\'Alola', '2021-03-24 13:47:59', 8),
(25, 'Coupe d\'Alola du 25/03', '2021-03-25 10:52:44', 8),
(26, 'Tournoi du jeudi', '2021-03-25 14:41:50', 8);

-- --------------------------------------------------------

--
-- Structure de la table `tournaments_pokemons`
--

CREATE TABLE `tournaments_pokemons` (
  `tournament_id` int(11) NOT NULL,
  `pokemon_id` int(11) NOT NULL
) ENGINE=InnoDB DEFAULT CHARSET=utf8mb4 COLLATE=utf8mb4_unicode_ci;

--
-- Déchargement des données de la table `tournaments_pokemons`
--

INSERT INTO `tournaments_pokemons` (`tournament_id`, `pokemon_id`) VALUES
(15, 2481),
(15, 2483),
(15, 2502),
(15, 2517),
(15, 2521),
(15, 3057),
(15, 3494),
(15, 3723),
(16, 2483),
(16, 2557),
(16, 2602),
(16, 3041),
(16, 3116),
(16, 3461),
(16, 3494),
(16, 3529),
(17, 2464),
(17, 2483),
(17, 2523),
(17, 2607),
(17, 2642),
(17, 2685),
(17, 3625),
(17, 3744),
(18, 2464),
(18, 2484),
(18, 2535),
(18, 3580),
(18, 3652),
(18, 3672),
(18, 3689),
(18, 3705),
(19, 2591),
(19, 2592),
(19, 2593),
(19, 2594),
(19, 2654),
(19, 2655),
(19, 3096),
(19, 3627),
(20, 2592),
(20, 2593),
(20, 2594),
(20, 2654),
(20, 2655),
(20, 3095),
(20, 3096),
(20, 3627),
(21, 2483),
(21, 2592),
(21, 2601),
(21, 2685),
(21, 3011),
(21, 3098),
(21, 3438),
(21, 3770),
(22, 2483),
(22, 2597),
(22, 2741),
(22, 2960),
(22, 3494),
(22, 3529),
(22, 3625),
(22, 3744),
(23, 2483),
(23, 2606),
(23, 2685),
(23, 3116),
(23, 3442),
(23, 3494),
(23, 3666),
(23, 3678),
(24, 2483),
(24, 2592),
(24, 2618),
(24, 2654),
(24, 2666),
(24, 2955),
(24, 2978),
(24, 3041),
(25, 2483),
(25, 2521),
(25, 2592),
(25, 2618),
(25, 3651),
(25, 3694),
(25, 3779),
(25, 3812),
(26, 2481),
(26, 2482),
(26, 2521),
(26, 2523),
(26, 2557),
(26, 2618),
(26, 3739),
(26, 3788);

-- --------------------------------------------------------

--
-- Structure de la table `user`
--

CREATE TABLE `user` (
  `id` int(11) NOT NULL,
  `username` varchar(180) COLLATE utf8mb4_unicode_ci NOT NULL,
  `roles` longtext COLLATE utf8mb4_unicode_ci NOT NULL COMMENT '(DC2Type:json)',
  `password` varchar(255) COLLATE utf8mb4_unicode_ci NOT NULL
) ENGINE=InnoDB DEFAULT CHARSET=utf8mb4 COLLATE=utf8mb4_unicode_ci;

--
-- Déchargement des données de la table `user`
--

INSERT INTO `user` (`id`, `username`, `roles`, `password`) VALUES
(4, 'anthony', '[\"ROLE_ADMIN\"]', '$argon2id$v=19$m=65536,t=4,p=1$o3qrwWucz/VzKK9z1s67/g$NBzgU4gAPlR6mqfMmQzO+X/2llIePkW9CrZvqO8HJG0');

--
-- Index pour les tables déchargées
--

--
-- Index pour la table `doctrine_migration_versions`
--
ALTER TABLE `doctrine_migration_versions`
  ADD PRIMARY KEY (`version`);

--
-- Index pour la table `game`
--
ALTER TABLE `game`
  ADD PRIMARY KEY (`id`),
  ADD KEY `IDX_232B318C5DFCD4B8` (`winner_id`),
  ADD KEY `IDX_232B318C1BCAA5F6` (`loser_id`),
  ADD KEY `IDX_232B318CC0990423` (`player1_id`),
  ADD KEY `IDX_232B318CD22CABCD` (`player2_id`),
  ADD KEY `IDX_232B318C33D1A3E7` (`tournament_id`);

--
-- Index pour la table `pokemon`
--
ALTER TABLE `pokemon`
  ADD PRIMARY KEY (`id`),
  ADD KEY `IDX_62DC90F3A977936C` (`tree_root`),
  ADD KEY `IDX_62DC90F3727ACA70` (`parent_id`);

--
-- Index pour la table `tournament`
--
ALTER TABLE `tournament`
  ADD PRIMARY KEY (`id`);

--
-- Index pour la table `tournaments_pokemons`
--
ALTER TABLE `tournaments_pokemons`
  ADD PRIMARY KEY (`tournament_id`,`pokemon_id`),
  ADD KEY `IDX_94F9BE1233D1A3E7` (`tournament_id`),
  ADD KEY `IDX_94F9BE122FE71C3E` (`pokemon_id`);

--
-- Index pour la table `user`
--
ALTER TABLE `user`
  ADD PRIMARY KEY (`id`),
  ADD UNIQUE KEY `UNIQ_8D93D649F85E0677` (`username`);

--
-- AUTO_INCREMENT pour les tables déchargées
--

--
-- AUTO_INCREMENT pour la table `game`
--
ALTER TABLE `game`
  MODIFY `id` int(11) NOT NULL AUTO_INCREMENT, AUTO_INCREMENT=113;

--
-- AUTO_INCREMENT pour la table `pokemon`
--
ALTER TABLE `pokemon`
  MODIFY `id` int(11) NOT NULL AUTO_INCREMENT, AUTO_INCREMENT=4018;

--
-- AUTO_INCREMENT pour la table `tournament`
--
ALTER TABLE `tournament`
  MODIFY `id` int(11) NOT NULL AUTO_INCREMENT, AUTO_INCREMENT=27;

--
-- AUTO_INCREMENT pour la table `user`
--
ALTER TABLE `user`
  MODIFY `id` int(11) NOT NULL AUTO_INCREMENT, AUTO_INCREMENT=6;

--
-- Contraintes pour les tables déchargées
--

--
-- Contraintes pour la table `game`
--
ALTER TABLE `game`
  ADD CONSTRAINT `FK_232B318C1BCAA5F6` FOREIGN KEY (`loser_id`) REFERENCES `pokemon` (`id`),
  ADD CONSTRAINT `FK_232B318C33D1A3E7` FOREIGN KEY (`tournament_id`) REFERENCES `tournament` (`id`),
  ADD CONSTRAINT `FK_232B318C5DFCD4B8` FOREIGN KEY (`winner_id`) REFERENCES `pokemon` (`id`),
  ADD CONSTRAINT `FK_232B318CC0990423` FOREIGN KEY (`player1_id`) REFERENCES `pokemon` (`id`),
  ADD CONSTRAINT `FK_232B318CD22CABCD` FOREIGN KEY (`player2_id`) REFERENCES `pokemon` (`id`);

--
-- Contraintes pour la table `pokemon`
--
ALTER TABLE `pokemon`
  ADD CONSTRAINT `FK_62DC90F3727ACA70` FOREIGN KEY (`parent_id`) REFERENCES `pokemon` (`id`) ON DELETE CASCADE,
  ADD CONSTRAINT `FK_62DC90F3A977936C` FOREIGN KEY (`tree_root`) REFERENCES `pokemon` (`id`) ON DELETE CASCADE;

--
-- Contraintes pour la table `tournaments_pokemons`
--
ALTER TABLE `tournaments_pokemons`
  ADD CONSTRAINT `FK_94F9BE122FE71C3E` FOREIGN KEY (`pokemon_id`) REFERENCES `pokemon` (`id`) ON DELETE CASCADE,
  ADD CONSTRAINT `FK_94F9BE1233D1A3E7` FOREIGN KEY (`tournament_id`) REFERENCES `tournament` (`id`) ON DELETE CASCADE;
COMMIT;

/*!40101 SET CHARACTER_SET_CLIENT=@OLD_CHARACTER_SET_CLIENT */;
/*!40101 SET CHARACTER_SET_RESULTS=@OLD_CHARACTER_SET_RESULTS */;
/*!40101 SET COLLATION_CONNECTION=@OLD_COLLATION_CONNECTION */;
